Date,Day of Week,Week Ending,Month Ending,Year Ending
2024-02-06,Monday,2024-01,2024-01,2024
2024-01-13,Tuesday,2024-02,2024-01,2024
2024-01-29,Wednesday,2024-03,2024-01,2024
2024-01-23,Monday,2024-04,2024-01,2024
2024-01-11,Thursday,2024-05,2024-01,2024
2024-01-19,Monday,2024-06,2024-02,2024
2024-01-21,Wednesday,2024-07,2024-02,2024
2024-01-29,Tuesday,2024-08,2024-02,2024
2024-02-01,Friday,2024-09,2024-02,2024
2024-01-11,Thursday,2024-10,2024-03,2024
2024-02-02,Monday,2024-11,2024-03,2024
2024-01-24,Tuesday,2024-12,2024-03,2024
2024-01-20,Thursday,2024-13,2024-03,2024
2024-01-14,Friday,2024-14,2024-04,2024
2024-02-07,Tuesday,2024-15,2024-04,2024
2024-01-19,Tuesday,2024-16,2024-04,2024
2024-02-08,Monday,2024-17,2024-04,2024
2024-02-03,Wednesday,2024-18,2024-04,2024
2024-01-26,Friday,2024-19,2024-05,2024
2024-02-03,Monday,2024-20,2024-05,2024
2024-01-18,Thursday,2024-21,2024-05,2024
2024-01-29,Tuesday,2024-22,2024-05,2024
2024-01-19,Wednesday,2024-23,2024-06,2024
2024-01-21,Thursday,2024-24,2024-06,2024
2024-01-26,Friday,2024-25,2024-06,2024
2024-02-10,Thursday,2024-26,2024-06,2024
2024-01-23,Monday,2024-27,2024-07,2024
2024-02-10,Friday,2024-28,2024-07,2024
2024-01-10,Monday,2024-29,2024-07,2024
2024-01-16,Tuesday,2024-30,2024-07,2024
2024-01-29,Monday,2024-31,2024-07,2024
2024-02-03,Monday,2024-32,2024-08,2024
2024-02-05,Wednesday,2024-33,2024-08,2024
2024-01-09,Tuesday,2024-34,2024-08,2024
2024-01-31,Tuesday,2024-35,2024-08,2024
2024-01-12,Monday,2024-36,2024-09,2024
2024-01-23,Wednesday,2024-37,2024-09,2024
2024-01-20,Monday,2024-38,2024-09,2024
2024-02-02,Monday,2024-39,2024-09,2024
2024-01-12,Monday,2024-40,2024-09,2024
2024-01-25,Monday,2024-41,2024-10,2024
2024-01-25,Thursday,2024-42,2024-10,2024
2024-01-10,Thursday,2024-43,2024-10,2024
2024-01-27,Friday,2024-44,2024-10,2024
2024-02-05,Monday,2024-45,2024-11,2024
2024-01-11,Thursday,2024-46,2024-11,2024
2024-02-01,Monday,2024-47,2024-11,2024
2024-01-23,Thursday,2024-48,2024-11,2024
2024-01-25,Wednesday,2024-49,2024-12,2024
2024-01-21,Monday,2024-50,2024-12,2024
2024-01-15,Tuesday,2024-51,2024-12,2024
2024-01-21,Wednesday,2024-52,2024-12,2024
2024-02-03,Friday,2024-53,2024-12,2024
2024-01-27,Wednesday,2025-01,2025-01,2024
2024-01-20,Tuesday,2025-02,2025-01,2024
2024-01-25,Thursday,2025-03,2025-01,2024
2024-02-07,Tuesday,2025-04,2025-01,2024
2024-02-05,Monday,2025-05,2025-02,2024
2024-01-18,Friday,2025-06,2025-02,2024
2024-01-31,Thursday,2025-07,2025-02,2024
2024-01-11,Monday,2025-08,2025-02,2024
2024-01-19,Tuesday,2025-09,2025-03,2024
2024-02-04,Wednesday,2025-10,2025-03,2024
2024-02-10,Friday,2025-11,2025-03,2024
2024-01-17,Monday,2025-12,2025-03,2024
2024-01-30,Wednesday,2025-13,2025-03,2024
2024-01-16,Wednesday,2025-14,2025-04,2024
2024-02-01,Friday,2025-15,2025-04,2024
2024-01-31,Wednesday,2025-16,2025-04,2024
2024-01-18,Monday,2025-17,2025-04,2024
2024-01-16,Friday,2025-18,2025-05,2024
2024-02-05,Tuesday,2025-19,2025-05,2024
2024-01-30,Monday,2025-20,2025-05,2024
2024-01-27,Tuesday,2025-21,2025-05,2024
2024-01-13,Friday,2025-22,2025-06,2024
2024-01-17,Thursday,2025-23,2025-06,2024
2024-01-29,Friday,2025-24,2025-06,2024
2024-02-09,Friday,2025-25,2025-06,2024
2024-01-12,Monday,2025-26,2025-06,2024
2024-01-13,Thursday,2025-27,2025-07,2024
2024-01-20,Tuesday,2025-28,2025-07,2024
2024-01-10,Tuesday,2025-29,2025-07,2024
2024-01-18,Thursday,2025-30,2025-07,2024
2024-01-17,Wednesday,2025-31,2025-08,2024
2024-02-05,Wednesday,2025-32,2025-08,2024
2024-01-20,Wednesday,2025-33,2025-08,2024
2024-01-10,Wednesday,2025-34,2025-08,2024
2024-02-02,Wednesday,2025-35,2025-09,2024
2024-01-30,Friday,2025-36,2025-09,2024
2024-01-21,Wednesday,2025-37,2025-09,2024
2024-01-12,Monday,2025-38,2025-09,2024
2024-01-17,Tuesday,2025-39,2025-09,2024
2024-01-13,Tuesday,2025-40,2025-10,2024
2024-01-18,Monday,2025-41,2025-10,2024
2024-01-21,Monday,2025-42,2025-10,2024
2024-01-26,Friday,2025-43,2025-10,2024
2024-02-09,Monday,2025-44,2025-11,2024
2024-02-01,Monday,2025-45,2025-11,2024
2024-01-30,Wednesday,2025-46,2025-11,2024
2024-02-03,Thursday,2025-47,2025-11,2024
2024-01-22,Wednesday,2025-48,2025-12,2024
2024-02-06,Thursday,2025-49,2025-12,2024
2024-01-24,Wednesday,2025-50,2025-12,2024
2024-02-01,Wednesday,2025-51,2025-12,2024
2024-02-06,Wednesday,2025-52,2025-12,2024
2024-02-09,Wednesday,2026-01,2026-01,2024
2024-02-01,Thursday,2026-02,2026-01,2024
2024-01-19,Monday,2026-03,2026-01,2024
2024-01-14,Wednesday,2026-04,2026-01,2024
2024-01-21,Monday,2026-05,2026-02,2024
2024-01-23,Wednesday,2026-06,2026-02,2024
2024-02-08,Thursday,2026-07,2026-02,2024
2024-01-31,Wednesday,2026-08,2026-02,2024
2024-01-10,Tuesday,2026-09,2026-03,2024
2024-01-21,Thursday,2026-10,2026-03,2024
2024-01-20,Monday,2026-11,2026-03,2024
2024-02-10,Friday,2026-12,2026-03,2024
2024-01-20,Wednesday,2026-13,2026-03,2024
2024-01-10,Friday,2026-14,2026-04,2024
2024-02-01,Friday,2026-15,2026-04,2024
2024-02-01,Tuesday,2026-16,2026-04,2024
2024-01-18,Monday,2026-17,2026-04,2024
2024-01-27,Wednesday,2026-18,2026-05,2024
2024-02-04,Thursday,2026-19,2026-05,2024
2024-01-17,Monday,2026-20,2026-05,2024
2024-01-15,Thursday,2026-21,2026-05,2024
2024-02-02,Tuesday,2026-22,2026-06,2024
2024-01-23,Thursday,2026-23,2026-06,2024
2024-01-31,Thursday,2026-24,2026-06,2024
2024-01-10,Tuesday,2026-25,2026-06,2024
2024-01-09,Wednesday,2026-26,2026-06,2024
2024-01-18,Thursday,2026-27,2026-07,2024
2024-02-07,Wednesday,2026-28,2026-07,2024
2024-02-01,Wednesday,2026-29,2026-07,2024
2024-02-04,Thursday,2026-30,2026-07,2024
2024-01-11,Friday,2026-31,2026-08,2024
2024-01-19,Friday,2026-32,2026-08,2024
2024-01-10,Tuesday,2026-33,2026-08,2024
2024-01-18,Tuesday,2026-34,2026-08,2024
2024-01-18,Thursday,2026-35,2026-08,2024
2024-01-24,Wednesday,2026-36,2026-09,2024
2024-01-20,Friday,2026-37,2026-09,2024
2024-01-25,Thursday,2026-38,2026-09,2024
2024-02-10,Monday,2026-39,2026-09,2024
2024-01-30,Friday,2026-40,2026-10,2024
2024-02-06,Wednesday,2026-41,2026-10,2024
2024-01-17,Thursday,2026-42,2026-10,2024
2024-01-11,Thursday,2026-43,2026-10,2024
2024-01-21,Monday,2026-44,2026-11,2024
2024-01-10,Thursday,2026-45,2026-11,2024
2024-01-27,Tuesday,2026-46,2026-11,2024
2024-02-02,Tuesday,2026-47,2026-11,2024
2024-01-27,Monday,2026-48,2026-11,2024
2024-01-15,Friday,2026-49,2026-12,2024
2024-02-06,Wednesday,2026-50,2026-12,2024
2024-01-11,Monday,2026-51,2026-12,2024
2024-01-16,Friday,2026-52,2026-12,2024
2024-01-10,Thursday,2027-01,2027-01,2024
2024-02-06,Wednesday,2027-02,2027-01,2024
2024-01-13,Monday,2027-03,2027-01,2024
2024-01-19,Thursday,2027-04,2027-01,2024
2024-01-27,Friday,2027-05,2027-02,2024
2024-01-09,Wednesday,2027-06,2027-02,2024
2024-02-08,Friday,2027-07,2027-02,2024
2024-01-09,Friday,2027-08,2027-02,2024
2024-02-07,Thursday,2027-09,2027-03,2024
2024-01-19,Monday,2027-10,2027-03,2024
2024-01-24,Thursday,2027-11,2027-03,2024
2024-02-10,Thursday,2027-12,2027-03,2024
2024-01-31,Thursday,2027-13,2027-03,2024
2024-01-31,Thursday,2027-14,2027-04,2024
2024-01-31,Monday,2027-15,2027-04,2024
2024-01-11,Friday,2027-16,2027-04,2024
2024-02-10,Monday,2027-17,2027-04,2024
2024-02-04,Tuesday,2027-18,2027-05,2024
2024-02-07,Monday,2027-19,2027-05,2024
2024-01-29,Monday,2027-20,2027-05,2024
2024-02-10,Monday,2027-21,2027-05,2024
2024-01-18,Tuesday,2027-22,2027-05,2024
2024-01-26,Thursday,2027-23,2027-06,2024
2024-02-02,Thursday,2027-24,2027-06,2024
2024-02-02,Thursday,2027-25,2027-06,2024
2024-01-19,Monday,2027-26,2027-06,2024
2024-01-10,Tuesday,2027-27,2027-07,2024
2024-02-02,Monday,2027-28,2027-07,2024
2024-01-26,Monday,2027-29,2027-07,2024
2024-01-18,Tuesday,2027-30,2027-07,2024
2024-02-04,Thursday,2027-31,2027-08,2024
2024-02-08,Monday,2027-32,2027-08,2024
2024-01-29,Wednesday,2027-33,2027-08,2024
2024-01-24,Thursday,2027-34,2027-08,2024
2024-02-03,Thursday,2027-35,2027-08,2024
2024-01-18,Monday,2027-36,2027-09,2024
2024-01-28,Thursday,2027-37,2027-09,2024
2024-01-17,Wednesday,2027-38,2027-09,2024
2024-01-24,Friday,2027-39,2027-09,2024
2024-01-11,Tuesday,2027-40,2027-10,2024
2024-01-12,Wednesday,2027-41,2027-10,2024
2024-01-15,Thursday,2027-42,2027-10,2024
2024-01-12,Wednesday,2027-43,2027-10,2024
2024-02-04,Tuesday,2027-44,2027-11,2024
2024-01-31,Thursday,2027-45,2027-11,2024
2024-01-08,Wednesday,2027-46,2027-11,2024
2024-02-09,Monday,2027-47,2027-11,2024
2024-02-09,Thursday,2027-48,2027-11,2024
2024-01-27,Tuesday,2027-49,2027-12,2024
2024-01-08,Friday,2027-50,2027-12,2024
2024-01-12,Friday,2027-51,2027-12,2024
2024-02-07,Tuesday,2027-52,2027-12,2024
2024-01-10,Tuesday,2028-01,2028-01,2024
2024-02-06,Thursday,2028-02,2028-01,2024
2024-01-22,Tuesday,2028-03,2028-01,2024
2024-02-03,Tuesday,2028-04,2028-01,2024
2024-02-05,Wednesday,2028-05,2028-01,2024
2024-02-01,Friday,2028-06,2028-02,2024
2024-01-30,Monday,2028-07,2028-02,2024
2024-01-29,Monday,2028-08,2028-02,2024
2024-01-20,Thursday,2028-09,2028-02,2024
2024-01-19,Wednesday,2028-10,2028-03,2024
2024-02-04,Friday,2028-11,2028-03,2024
2024-02-10,Tuesday,2028-12,2028-03,2024
2024-01-18,Tuesday,2028-13,2028-03,2024
2024-01-12,Thursday,2028-14,2028-04,2024
2024-02-03,Friday,2028-15,2028-04,2024
2024-01-27,Thursday,2028-16,2028-04,2024
2024-02-10,Wednesday,2028-17,2028-04,2024
2024-02-02,Monday,2028-18,2028-05,2024
2024-01-28,Monday,2028-19,2028-05,2024
2024-01-10,Tuesday,2028-20,2028-05,2024
2024-01-31,Monday,2028-21,2028-05,2024
2024-01-27,Friday,2028-22,2028-05,2024
2024-01-11,Wednesday,2028-23,2028-06,2024
2024-02-10,Thursday,2028-24,2028-06,2024
2024-01-24,Monday,2028-25,2028-06,2024
2024-01-23,Friday,2028-26,2028-06,2024
2024-01-19,Thursday,2028-27,2028-07,2024
2024-02-04,Friday,2028-28,2028-07,2024
2024-01-09,Tuesday,2028-29,2028-07,2024
2024-01-22,Monday,2028-30,2028-07,2024
2024-02-05,Thursday,2028-31,2028-07,2024
2024-01-20,Friday,2028-32,2028-08,2024
2024-02-06,Monday,2028-33,2028-08,2024
2024-01-21,Friday,2028-34,2028-08,2024
2024-02-02,Monday,2028-35,2028-08,2024
2024-01-12,Wednesday,2028-36,2028-09,2024
2024-02-05,Friday,2028-37,2028-09,2024
2024-01-19,Friday,2028-38,2028-09,2024
2024-01-27,Thursday,2028-39,2028-09,2024
2024-02-02,Friday,2028-40,2028-10,2024
2024-02-09,Monday,2028-41,2028-10,2024
2024-01-15,Wednesday,2028-42,2028-10,2024
2024-01-09,Friday,2028-43,2028-10,2024
2024-01-12,Tuesday,2028-44,2028-10,2024
2024-01-31,Wednesday,2028-45,2028-11,2024
2024-01-18,Tuesday,2028-46,2028-11,2024
2024-01-13,Tuesday,2028-47,2028-11,2024
2024-02-03,Tuesday,2028-48,2028-11,2024
2024-02-10,Tuesday,2028-49,2028-12,2024
2024-01-27,Tuesday,2028-50,2028-12,2024
2024-02-02,Friday,2028-51,2028-12,2024
2024-01-18,Monday,2028-52,2028-12,2024
2024-01-28,Wednesday,2029-01,2029-01,2024
2024-02-09,Friday,2029-02,2029-01,2024
2024-01-25,Tuesday,2029-03,2029-01,2024
2024-01-08,Thursday,2029-04,2029-01,2024
2024-02-09,Tuesday,2029-05,2029-01,2024
2024-01-20,Monday,2029-06,2029-02,2024
2024-02-05,Thursday,2029-07,2029-02,2024
2024-02-10,Tuesday,2029-08,2029-02,2024
2024-01-16,Wednesday,2029-09,2029-02,2024
2024-01-29,Thursday,2029-10,2029-03,2024
2024-01-13,Monday,2029-11,2029-03,2024
2024-01-11,Monday,2029-12,2029-03,2024
2024-01-12,Friday,2029-13,2029-03,2024
2024-01-25,Wednesday,2029-14,2029-04,2024
2024-01-28,Thursday,2029-15,2029-04,2024
2024-01-24,Thursday,2029-16,2029-04,2024
2024-02-08,Thursday,2029-17,2029-04,2024
2024-01-13,Wednesday,2029-18,2029-04,2024
2024-01-26,Monday,2029-19,2029-05,2024
2024-01-31,Friday,2029-20,2029-05,2024
2024-01-12,Wednesday,2029-21,2029-05,2024
2024-01-20,Wednesday,2029-22,2029-05,2024
2024-01-21,Monday,2029-23,2029-06,2024
2024-01-31,Wednesday,2029-24,2029-06,2024
2024-01-17,Monday,2029-25,2029-06,2024
2024-01-22,Friday,2029-26,2029-06,2024
2024-01-18,Friday,2029-27,2029-07,2024
2024-01-09,Wednesday,2029-28,2029-07,2024
2024-01-10,Friday,2029-29,2029-07,2024
2024-01-09,Thursday,2029-30,2029-07,2024
2024-02-03,Wednesday,2029-31,2029-07,2024
2024-01-30,Thursday,2029-32,2029-08,2024
2024-01-24,Tuesday,2029-33,2029-08,2024
2024-01-28,Wednesday,2029-34,2029-08,2024
2024-01-19,Monday,2029-35,2029-08,2024
2024-01-14,Tuesday,2029-36,2029-09,2024
2024-01-12,Monday,2029-37,2029-09,2024
2024-02-02,Thursday,2029-38,2029-09,2024
2024-02-07,Thursday,2029-39,2029-09,2024
2024-01-26,Wednesday,2029-40,2029-10,2024
2024-02-03,Monday,2029-41,2029-10,2024
2024-02-02,Friday,2029-42,2029-10,2024
2024-02-01,Monday,2029-43,2029-10,2024
2024-01-08,Friday,2029-44,2029-10,2024
2024-01-29,Monday,2029-45,2029-11,2024
2024-01-10,Friday,2029-46,2029-11,2024
2024-01-12,Friday,2029-47,2029-11,2024
2024-01-22,Tuesday,2029-48,2029-11,2024
2024-02-09,Tuesday,2029-49,2029-12,2024
2024-02-10,Monday,2029-50,2029-12,2024
2024-02-08,Thursday,2029-51,2029-12,2024
2024-01-27,Friday,2029-52,2029-12,2024
2024-01-25,Friday,2029-53,2029-12,2024
2024-01-24,Thursday,2030-01,2030-01,2024
2024-02-04,Thursday,2030-02,2030-01,2024
2024-01-15,Wednesday,2030-03,2030-01,2024
2024-01-08,Tuesday,2030-04,2030-01,2024
2024-02-05,Monday,2030-05,2030-02,2024
2024-01-19,Wednesday,2030-06,2030-02,2024
2024-02-06,Wednesday,2030-07,2030-02,2024
2024-02-06,Monday,2030-08,2030-02,2024
2024-01-17,Monday,2030-09,2030-03,2024
2024-01-18,Tuesday,2030-10,2030-03,2024
2024-02-08,Wednesday,2030-11,2030-03,2024
2024-02-06,Wednesday,2030-12,2030-03,2024
2024-01-28,Friday,2030-13,2030-04,2024
2024-01-09,Monday,2030-14,2030-04,2024
2024-01-12,Thursday,2030-15,2030-04,2024
2024-01-10,Monday,2030-16,2030-04,2024
2024-01-23,Friday,2030-17,2030-04,2024
2024-02-01,Thursday,2030-18,2030-05,2024
2024-01-23,Thursday,2030-19,2030-05,2024
2024-01-12,Wednesday,2030-20,2030-05,2024
2024-01-10,Tuesday,2030-21,2030-05,2024
2024-02-02,Thursday,2030-22,2030-06,2024
2024-02-05,Wednesday,2030-23,2030-06,2024
2024-02-02,Tuesday,2030-24,2030-06,2024
2024-01-19,Friday,2030-25,2030-06,2024
2024-02-09,Wednesday,2030-26,2030-07,2024
2024-02-04,Thursday,2030-27,2030-07,2024
2024-02-03,Friday,2030-28,2030-07,2024
2024-01-30,Tuesday,2030-29,2030-07,2024
2024-01-27,Wednesday,2030-30,2030-07,2024
2024-01-20,Tuesday,2030-31,2030-08,2024
2024-01-24,Wednesday,2030-32,2030-08,2024
2024-02-09,Friday,2030-33,2030-08,2024
2024-01-12,Thursday,2030-34,2030-08,2024
2024-01-26,Thursday,2030-35,2030-09,2024
2024-01-25,Friday,2030-36,2030-09,2024
2024-01-20,Wednesday,2030-37,2030-09,2024
2024-01-17,Tuesday,2030-38,2030-09,2024
2024-01-16,Wednesday,2030-39,2030-09,2024
2024-01-13,Tuesday,2030-40,2030-10,2024
2024-01-10,Thursday,2030-41,2030-10,2024
2024-01-09,Tuesday,2030-42,2030-10,2024
2024-01-29,Wednesday,2030-43,2030-10,2024
2024-01-23,Monday,2030-44,2030-11,2024
2024-01-24,Friday,2030-45,2030-11,2024
2024-02-06,Tuesday,2030-46,2030-11,2024
2024-01-29,Wednesday,2030-47,2030-11,2024
2024-01-10,Thursday,2030-48,2030-12,2024
2024-01-18,Wednesday,2030-49,2030-12,2024
2024-01-13,Wednesday,2030-50,2030-12,2024
2024-01-20,Friday,2030-51,2030-12,2024
2024-01-28,Wednesday,2030-52,2030-12,2024
2024-02-05,Tuesday,2031-01,2031-01,2024
2024-02-02,Thursday,2031-02,2031-01,2024
2024-02-07,Monday,2031-03,2031-01,2024
2024-01-09,Friday,2031-04,2031-01,2024
2024-01-17,Thursday,2031-05,2031-02,2024
2024-01-12,Wednesday,2031-06,2031-02,2024
2024-01-26,Monday,2031-07,2031-02,2024
2024-01-23,Thursday,2031-08,2031-02,2024
2024-01-27,Wednesday,2031-09,2031-03,2024
2024-02-04,Tuesday,2031-10,2031-03,2024
2024-01-26,Friday,2031-11,2031-03,2024
2024-01-09,Wednesday,2031-12,2031-03,2024
2024-01-19,Wednesday,2031-13,2031-03,2024
2024-01-28,Friday,2031-14,2031-04,2024
2024-01-12,Thursday,2031-15,2031-04,2024
2024-01-26,Monday,2031-16,2031-04,2024
2024-01-26,Monday,2031-17,2031-04,2024
2024-01-25,Wednesday,2031-18,2031-05,2024
2024-01-13,Monday,2031-19,2031-05,2024
2024-01-21,Monday,2031-20,2031-05,2024
2024-01-30,Friday,2031-21,2031-05,2024
2024-01-15,Thursday,2031-22,2031-06,2024
2024-01-25,Monday,2031-23,2031-06,2024
2024-01-14,Friday,2031-24,2031-06,2024
2024-01-09,Friday,2031-25,2031-06,2024
2024-02-09,Wednesday,2031-26,2031-06,2024
2024-01-15,Tuesday,2031-27,2031-07,2024
2024-02-10,Tuesday,2031-28,2031-07,2024
2024-01-21,Thursday,2031-29,2031-07,2024
2024-01-24,Wednesday,2031-30,2031-07,2024
2024-02-03,Wednesday,2031-31,2031-08,2024
2024-02-03,Monday,2031-32,2031-08,2024
2024-01-14,Wednesday,2031-33,2031-08,2024
2024-01-14,Friday,2031-34,2031-08,2024
2024-02-03,Monday,2031-35,2031-09,2024
2024-01-08,Thursday,2031-36,2031-09,2024
2024-01-21,Friday,2031-37,2031-09,2024
2024-01-24,Monday,2031-38,2031-09,2024
2024-01-30,Monday,2031-39,2031-09,2024
2024-01-11,Thursday,2031-40,2031-10,2024
2024-02-06,Friday,2031-41,2031-10,2024
2024-02-07,Monday,2031-42,2031-10,2024
2024-02-09,Monday,2031-43,2031-10,2024
2024-01-19,Tuesday,2031-44,2031-11,2024
2024-02-10,Tuesday,2031-45,2031-11,2024
2024-01-17,Tuesday,2031-46,2031-11,2024
2024-01-18,Tuesday,2031-47,2031-11,2024
2024-02-06,Monday,2031-48,2031-12,2024
2024-01-27,Friday,2031-49,2031-12,2024
2024-02-05,Thursday,2031-50,2031-12,2024
2024-01-15,Tuesday,2031-51,2031-12,2024
2024-02-09,Tuesday,2031-52,2031-12,2024
2024-01-25,Monday,2032-01,2032-01,2024
2024-02-10,Monday,2032-02,2032-01,2024
2024-01-23,Friday,2032-03,2032-01,2024
2024-01-11,Thursday,2032-04,2032-01,2024
2024-01-11,Friday,2032-05,2032-02,2024
2024-02-01,Wednesday,2032-06,2032-02,2024
2024-01-25,Friday,2032-07,2032-02,2024
2024-02-08,Thursday,2032-08,2032-02,2024
2024-02-10,Thursday,2032-09,2032-03,2024
2024-01-20,Tuesday,2032-10,2032-03,2024
2024-01-15,Thursday,2032-11,2032-03,2024
2024-01-28,Monday,2032-12,2032-03,2024
2024-01-16,Monday,2032-13,2032-03,2024
2024-01-19,Wednesday,2032-14,2032-04,2024
2024-02-08,Tuesday,2032-15,2032-04,2024
2024-01-18,Thursday,2032-16,2032-04,2024
2024-01-09,Thursday,2032-17,2032-04,2024
2024-02-07,Wednesday,2032-18,2032-05,2024
2024-02-03,Tuesday,2032-19,2032-05,2024
2024-01-18,Thursday,2032-20,2032-05,2024
2024-01-12,Friday,2032-21,2032-05,2024
2024-01-23,Friday,2032-22,2032-05,2024
2024-01-14,Monday,2032-23,2032-06,2024
2024-01-11,Thursday,2032-24,2032-06,2024
2024-01-28,Wednesday,2032-25,2032-06,2024
2024-01-14,Thursday,2032-26,2032-06,2024
2024-01-27,Wednesday,2032-27,2032-07,2024
2024-01-21,Wednesday,2032-28,2032-07,2024
2024-01-13,Wednesday,2032-29,2032-07,2024
2024-01-24,Monday,2032-30,2032-07,2024
2024-01-27,Wednesday,2032-31,2032-08,2024
2024-01-30,Wednesday,2032-32,2032-08,2024
2024-01-13,Monday,2032-33,2032-08,2024
2024-02-02,Monday,2032-34,2032-08,2024
2024-01-27,Wednesday,2032-35,2032-08,2024
2024-01-24,Wednesday,2032-36,2032-09,2024
2024-02-04,Monday,2032-37,2032-09,2024
2024-01-26,Friday,2032-38,2032-09,2024
2024-01-18,Monday,2032-39,2032-09,2024
2024-02-10,Monday,2032-40,2032-10,2024
2024-02-10,Tuesday,2032-41,2032-10,2024
2024-01-27,Tuesday,2032-42,2032-10,2024
2024-01-26,Monday,2032-43,2032-10,2024
2024-01-09,Friday,2032-44,2032-11,2024
2024-01-25,Thursday,2032-45,2032-11,2024
2024-01-20,Wednesday,2032-46,2032-11,2024
2024-01-10,Thursday,2032-47,2032-11,2024
2024-01-30,Thursday,2032-48,2032-11,2024
2024-01-10,Wednesday,2032-49,2032-12,2024
2024-01-26,Friday,2032-50,2032-12,2024
2024-01-17,Friday,2032-51,2032-12,2024
2024-01-12,Thursday,2032-52,2032-12,2024
2024-01-12,Friday,2033-01,2033-01,2024
2024-01-28,Friday,2033-02,2033-01,2024
2024-02-04,Tuesday,2033-03,2033-01,2024
2024-01-13,Tuesday,2033-04,2033-01,2024
2024-01-17,Monday,2033-05,2033-01,2024
2024-02-07,Thursday,2033-06,2033-02,2024
2024-01-26,Wednesday,2033-07,2033-02,2024
2024-01-17,Tuesday,2033-08,2033-02,2024
2024-01-23,Tuesday,2033-09,2033-02,2024
2024-01-31,Monday,2033-10,2033-03,2024
2024-01-28,Thursday,2033-11,2033-03,2024
2024-01-23,Tuesday,2033-12,2033-03,2024
2024-02-01,Tuesday,2033-13,2033-03,2024
2024-01-26,Thursday,2033-14,2033-04,2024
2024-01-10,Tuesday,2033-15,2033-04,2024
2024-02-05,Friday,2033-16,2033-04,2024
2024-01-26,Friday,2033-17,2033-04,2024
2024-01-14,Monday,2033-18,2033-05,2024
2024-01-27,Wednesday,2033-19,2033-05,2024
2024-01-24,Thursday,2033-20,2033-05,2024
2024-01-30,Friday,2033-21,2033-05,2024
2024-01-29,Tuesday,2033-22,2033-05,2024
2024-01-20,Tuesday,2033-23,2033-06,2024
2024-02-06,Tuesday,2033-24,2033-06,2024
2024-01-22,Thursday,2033-25,2033-06,2024
2024-02-08,Wednesday,2033-26,2033-06,2024
2024-01-20,Friday,2033-27,2033-07,2024
2024-02-09,Monday,2033-28,2033-07,2024
2024-01-11,Thursday,2033-29,2033-07,2024
2024-02-08,Wednesday,2033-30,2033-07,2024
2024-01-18,Tuesday,2033-31,2033-08,2024
2024-02-07,Wednesday,2033-32,2033-08,2024
2024-02-01,Monday,2033-33,2033-08,2024
2024-01-08,Thursday,2033-34,2033-08,2024
2024-02-05,Tuesday,2033-35,2033-08,2024
2024-02-08,Tuesday,2033-36,2033-09,2024
2024-01-21,Tuesday,2033-37,2033-09,2024
2024-01-26,Friday,2033-38,2033-09,2024
2024-01-19,Wednesday,2033-39,2033-09,2024
2024-01-19,Thursday,2033-40,2033-10,2024
2024-01-12,Thursday,2033-41,2033-10,2024
2024-01-10,Monday,2033-42,2033-10,2024
2024-02-01,Friday,2033-43,2033-10,2024
2024-01-24,Tuesday,2033-44,2033-10,2024
2024-01-18,Monday,2033-45,2033-11,2024
2024-01-17,Monday,2033-46,2033-11,2024
2024-02-09,Thursday,2033-47,2033-11,2024
2024-01-09,Thursday,2033-48,2033-11,2024
2024-01-24,Tuesday,2033-49,2033-12,2024
2024-01-19,Friday,2033-50,2033-12,2024
2024-01-18,Tuesday,2033-51,2033-12,2024
2024-01-24,Wednesday,2033-52,2033-12,2024
2024-01-29,Friday,2034-01,2034-01,2024
2024-01-25,Friday,2034-02,2034-01,2024
2024-01-24,Tuesday,2034-03,2034-01,2024
2024-01-30,Thursday,2034-04,2034-01,2024
2024-02-09,Thursday,2034-05,2034-01,2024
2024-01-30,Monday,2034-06,2034-02,2024
2024-01-13,Monday,2034-07,2034-02,2024
2024-01-22,Friday,2034-08,2034-02,2024
2024-01-18,Monday,2034-09,2034-02,2024
2024-01-19,Friday,2034-10,2034-03,2024
2024-01-28,Thursday,2034-11,2034-03,2024
2024-02-03,Thursday,2034-12,2034-03,2024
2024-01-14,Wednesday,2034-13,2034-03,2024
2024-01-18,Monday,2034-14,2034-04,2024
2024-01-14,Monday,2034-15,2034-04,2024
2024-01-12,Wednesday,2034-16,2034-04,2024
2024-01-15,Thursday,2034-17,2034-04,2024
2024-02-10,Monday,2034-18,2034-05,2024
2024-01-29,Tuesday,2034-19,2034-05,2024
2024-01-25,Monday,2034-20,2034-05,2024
2024-01-09,Tuesday,2034-21,2034-05,2024
2024-01-13,Thursday,2034-22,2034-05,2024
2024-01-14,Thursday,2034-23,2034-06,2024
2024-02-05,Friday,2034-24,2034-06,2024
2024-01-13,Wednesday,2034-25,2034-06,2024
2024-02-07,Wednesday,2034-26,2034-06,2024
2024-01-24,Tuesday,2034-27,2034-07,2024
2024-02-10,Thursday,2034-28,2034-07,2024
2024-02-05,Friday,2034-29,2034-07,2024
2024-01-13,Tuesday,2034-30,2034-07,2024
2024-02-09,Thursday,2034-31,2034-07,2024
2024-02-03,Friday,2034-32,2034-08,2024
2024-01-18,Tuesday,2034-33,2034-08,2024
2024-02-07,Wednesday,2034-34,2034-08,2024
2024-01-20,Wednesday,2034-35,2034-08,2024
2024-01-17,Tuesday,2034-36,2034-09,2024
2024-01-09,Friday,2034-37,2034-09,2024
2024-01-23,Tuesday,2034-38,2034-09,2024
2024-02-10,Friday,2034-39,2034-09,2024
2024-01-24,Tuesday,2034-40,2034-10,2024
2024-01-30,Friday,2034-41,2034-10,2024
2024-02-04,Monday,2034-42,2034-10,2024
2024-02-04,Friday,2034-43,2034-10,2024
2024-01-26,Wednesday,2034-44,2034-10,2024
2024-01-16,Tuesday,2034-45,2034-11,2024
2024-01-25,Thursday,2034-46,2034-11,2024
2024-01-17,Monday,2034-47,2034-11,2024
2024-01-25,Monday,2034-48,2034-11,2024
2024-01-12,Wednesday,2034-49,2034-12,2024
2024-01-31,Wednesday,2034-50,2034-12,2024
2024-01-14,Friday,2034-51,2034-12,2024
2024-01-26,Monday,2034-52,2034-12,2024
2024-02-04,Monday,2035-01,2035-01,2024
2024-01-14,Wednesday,2035-02,2035-01,2024
2024-02-09,Friday,2035-03,2035-01,2024
2024-01-25,Wednesday,2035-04,2035-01,2024
2024-01-16,Monday,2035-05,2035-01,2024
2024-01-29,Friday,2035-06,2035-02,2024
2024-01-24,Monday,2035-07,2035-02,2024
2024-01-26,Friday,2035-08,2035-02,2024
2024-01-20,Monday,2035-09,2035-02,2024
2024-01-10,Monday,2035-10,2035-03,2024
2024-01-24,Thursday,2035-11,2035-03,2024
2024-02-08,Wednesday,2035-12,2035-03,2024
2024-01-24,Friday,2035-13,2035-03,2024
2024-01-21,Tuesday,2035-14,2035-04,2024
2024-01-14,Tuesday,2035-15,2035-04,2024
2024-01-22,Wednesday,2035-16,2035-04,2024
2024-01-09,Wednesday,2035-17,2035-04,2024
2024-01-11,Tuesday,2035-18,2035-04,2024
2024-01-08,Wednesday,2035-19,2035-05,2024
2024-01-29,Wednesday,2035-20,2035-05,2024
2024-02-10,Thursday,2035-21,2035-05,2024
2024-01-30,Tuesday,2035-22,2035-05,2024
2024-01-12,Friday,2035-23,2035-06,2024
2024-01-26,Wednesday,2035-24,2035-06,2024
2024-02-07,Thursday,2035-25,2035-06,2024
2024-01-10,Thursday,2035-26,2035-06,2024
2024-01-28,Tuesday,2035-27,2035-07,2024
2024-01-24,Tuesday,2035-28,2035-07,2024
2024-01-15,Monday,2035-29,2035-07,2024
2024-02-07,Monday,2035-30,2035-07,2024
2024-01-25,Friday,2035-31,2035-07,2024
2024-01-18,Friday,2035-32,2035-08,2024
2024-02-01,Friday,2035-33,2035-08,2024
2024-01-17,Friday,2035-34,2035-08,2024
2024-01-08,Friday,2035-35,2035-08,2024
2024-01-13,Thursday,2035-36,2035-09,2024
2024-01-22,Monday,2035-37,2035-09,2024
2024-01-25,Friday,2035-38,2035-09,2024
2024-02-04,Friday,2035-39,2035-09,2024
2024-01-31,Thursday,2035-40,2035-10,2024
2024-01-27,Wednesday,2035-41,2035-10,2024
2024-02-10,Tuesday,2035-42,2035-10,2024
2024-01-19,Friday,2035-43,2035-10,2024
2024-01-13,Monday,2035-44,2035-10,2024
2024-01-15,Thursday,2035-45,2035-11,2024
2024-01-11,Wednesday,2035-46,2035-11,2024
2024-01-23,Friday,2035-47,2035-11,2024
2024-01-18,Tuesday,2035-48,2035-11,2024
2024-01-28,Friday,2035-49,2035-12,2024
2024-02-03,Tuesday,2035-50,2035-12,2024
2024-02-01,Thursday,2035-51,2035-12,2024
2024-01-26,Tuesday,2035-52,2035-12,2024
2024-01-11,Tuesday,2035-53,2035-12,2024
2024-01-25,Wednesday,2036-01,2036-01,2024
2024-01-09,Monday,2036-02,2036-01,2024
2024-02-02,Tuesday,2036-03,2036-01,2024
2024-01-10,Wednesday,2036-04,2036-01,2024
2024-01-17,Thursday,2036-05,2036-02,2024
2024-01-27,Tuesday,2036-06,2036-02,2024
2024-02-02,Friday,2036-07,2036-02,2024
2024-01-13,Tuesday,2036-08,2036-02,2024
2024-02-07,Wednesday,2036-09,2036-03,2024
2024-01-21,Monday,2036-10,2036-03,2024
2024-01-19,Wednesday,2036-11,2036-03,2024
2024-01-23,Friday,2036-12,2036-03,2024
2024-01-14,Tuesday,2036-13,2036-03,2024
2024-01-25,Friday,2036-14,2036-04,2024
2024-01-18,Tuesday,2036-15,2036-04,2024
2024-01-15,Monday,2036-16,2036-04,2024
2024-01-13,Wednesday,2036-17,2036-04,2024
2024-01-21,Monday,2036-18,2036-05,2024
2024-02-07,Wednesday,2036-19,2036-05,2024
2024-01-29,Tuesday,2036-20,2036-05,2024
2024-01-17,Tuesday,2036-21,2036-05,2024
2024-01-15,Tuesday,2036-22,2036-06,2024
2024-01-16,Thursday,2036-23,2036-06,2024
2024-02-06,Friday,2036-24,2036-06,2024
2024-01-21,Wednesday,2036-25,2036-06,2024
2024-02-09,Wednesday,2036-26,2036-06,2024
2024-01-08,Friday,2036-27,2036-07,2024
2024-02-09,Tuesday,2036-28,2036-07,2024
2024-01-12,Thursday,2036-29,2036-07,2024
2024-01-09,Monday,2036-30,2036-07,2024
2024-01-28,Thursday,2036-31,2036-08,2024
2024-01-11,Friday,2036-32,2036-08,2024
2024-02-10,Tuesday,2036-33,2036-08,2024
2024-01-30,Friday,2036-34,2036-08,2024
2024-01-26,Thursday,2036-35,2036-09,2024
2024-02-03,Tuesday,2036-36,2036-09,2024
2024-01-20,Wednesday,2036-37,2036-09,2024
2024-01-08,Wednesday,2036-38,2036-09,2024
2024-02-03,Tuesday,2036-39,2036-09,2024
2024-01-21,Monday,2036-40,2036-10,2024
2024-02-08,Tuesday,2036-41,2036-10,2024
2024-01-20,Wednesday,2036-42,2036-10,2024
2024-01-28,Monday,2036-43,2036-10,2024
2024-01-16,Friday,2036-44,2036-11,2024
2024-01-11,Friday,2036-45,2036-11,2024
2024-01-13,Tuesday,2036-46,2036-11,2024
2024-02-07,Thursday,2036-47,2036-11,2024
2024-02-02,Thursday,2036-48,2036-12,2024
2024-02-06,Thursday,2036-49,2036-12,2024
2024-01-31,Wednesday,2036-50,2036-12,2024
2024-01-13,Monday,2036-51,2036-12,2024
2024-01-30,Monday,2036-52,2036-12,2024
2024-02-04,Monday,2037-01,2037-01,2024
2024-01-08,Thursday,2037-02,2037-01,2024
2024-01-13,Wednesday,2037-03,2037-01,2024
2024-01-08,Thursday,2037-04,2037-01,2024
2024-01-31,Friday,2037-05,2037-02,2024
2024-02-01,Tuesday,2037-06,2037-02,2024
2024-01-29,Wednesday,2037-07,2037-02,2024
2024-01-27,Thursday,2037-08,2037-02,2024
2024-01-08,Thursday,2037-09,2037-03,2024
2024-01-25,Friday,2037-10,2037-03,2024
2024-02-02,Monday,2037-11,2037-03,2024
2024-02-09,Thursday,2037-12,2037-03,2024
2024-02-08,Wednesday,2037-13,2037-03,2024
2024-01-31,Friday,2037-14,2037-04,2024
2024-01-19,Monday,2037-15,2037-04,2024
2024-02-04,Friday,2037-16,2037-04,2024
2024-01-11,Monday,2037-17,2037-04,2024
2024-01-23,Friday,2037-18,2037-05,2024
2024-01-14,Friday,2037-19,2037-05,2024
2024-01-25,Monday,2037-20,2037-05,2024
2024-01-17,Tuesday,2037-21,2037-05,2024
2024-01-22,Friday,2037-22,2037-06,2024
2024-01-15,Tuesday,2037-23,2037-06,2024
2024-02-08,Thursday,2037-24,2037-06,2024
2024-01-17,Wednesday,2037-25,2037-06,2024
2024-02-09,Monday,2037-26,2037-06,2024
2024-02-07,Wednesday,2037-27,2037-07,2024
2024-01-28,Wednesday,2037-28,2037-07,2024
2024-01-29,Monday,2037-29,2037-07,2024
2024-01-24,Thursday,2037-30,2037-07,2024
2024-01-15,Friday,2037-31,2037-08,2024
2024-01-09,Friday,2037-32,2037-08,2024
2024-02-04,Monday,2037-33,2037-08,2024
2024-01-13,Thursday,2037-34,2037-08,2024
2024-01-16,Tuesday,2037-35,2037-08,2024
2024-01-28,Thursday,2037-36,2037-09,2024
2024-02-04,Tuesday,2037-37,2037-09,2024
2024-01-10,Thursday,2037-38,2037-09,2024
2024-01-09,Thursday,2037-39,2037-09,2024
2024-02-10,Wednesday,2037-40,2037-10,2024
2024-01-13,Tuesday,2037-41,2037-10,2024
2024-01-18,Wednesday,2037-42,2037-10,2024
2024-01-29,Monday,2037-43,2037-10,2024
2024-01-13,Monday,2037-44,2037-11,2024
2024-01-08,Monday,2037-45,2037-11,2024
2024-01-20,Thursday,2037-46,2037-11,2024
2024-01-29,Wednesday,2037-47,2037-11,2024
2024-01-11,Tuesday,2037-48,2037-11,2024
2024-02-02,Wednesday,2037-49,2037-12,2024
2024-01-26,Thursday,2037-50,2037-12,2024
2024-01-29,Tuesday,2037-51,2037-12,2024
2024-01-29,Wednesday,2037-52,2037-12,2024
2024-01-19,Thursday,2038-01,2038-01,2024
2024-01-27,Monday,2038-02,2038-01,2024
2024-02-04,Friday,2038-03,2038-01,2024
2024-01-26,Tuesday,2038-04,2038-01,2024
2024-02-04,Tuesday,2038-05,2038-02,2024
2024-01-10,Wednesday,2038-06,2038-02,2024
2024-01-10,Friday,2038-07,2038-02,2024
2024-01-14,Monday,2038-08,2038-02,2024
2024-01-16,Thursday,2038-09,2038-03,2024
2024-01-21,Wednesday,2038-10,2038-03,2024
2024-01-14,Friday,2038-11,2038-03,2024
2024-01-22,Wednesday,2038-12,2038-03,2024
2024-01-16,Friday,2038-13,2038-03,2024
2024-01-08,Friday,2038-14,2038-04,2024
2024-02-02,Thursday,2038-15,2038-04,2024
2024-01-15,Monday,2038-16,2038-04,2024
2024-01-08,Friday,2038-17,2038-04,2024
2024-01-17,Wednesday,2038-18,2038-05,2024
2024-01-27,Thursday,2038-19,2038-05,2024
2024-01-31,Tuesday,2038-20,2038-05,2024
2024-01-15,Monday,2038-21,2038-05,2024
2024-01-23,Thursday,2038-22,2038-05,2024
2024-02-09,Monday,2038-23,2038-06,2024
2024-01-09,Friday,2038-24,2038-06,2024
2024-01-14,Wednesday,2038-25,2038-06,2024
2024-01-25,Wednesday,2038-26,2038-06,2024
2024-02-05,Friday,2038-27,2038-07,2024
2024-01-08,Wednesday,2038-28,2038-07,2024
2024-01-15,Tuesday,2038-29,2038-07,2024
2024-01-28,Tuesday,2038-30,2038-07,2024
2024-01-28,Wednesday,2038-31,2038-08,2024
2024-01-28,Wednesday,2038-32,2038-08,2024
2024-01-17,Thursday,2038-33,2038-08,2024
2024-01-25,Thursday,2038-34,2038-08,2024
2024-01-23,Wednesday,2038-35,2038-08,2024
2024-01-12,Wednesday,2038-36,2038-09,2024
2024-01-11,Thursday,2038-37,2038-09,2024
2024-01-26,Wednesday,2038-38,2038-09,2024
2024-01-10,Tuesday,2038-39,2038-09,2024
2024-02-07,Monday,2038-40,2038-10,2024
2024-01-17,Monday,2038-41,2038-10,2024
2024-01-22,Thursday,2038-42,2038-10,2024
2024-01-20,Tuesday,2038-43,2038-10,2024
2024-02-04,Wednesday,2038-44,2038-11,2024
2024-02-04,Tuesday,2038-45,2038-11,2024
2024-01-30,Wednesday,2038-46,2038-11,2024
2024-01-19,Monday,2038-47,2038-11,2024
2024-01-12,Tuesday,2038-48,2038-11,2024
2024-01-19,Friday,2038-49,2038-12,2024
2024-01-21,Thursday,2038-50,2038-12,2024
2024-02-08,Thursday,2038-51,2038-12,2024
2024-01-10,Tuesday,2038-52,2038-12,2024
2024-02-04,Thursday,2039-01,2039-01,2024
2024-01-09,Friday,2039-02,2039-01,2024
2024-01-27,Thursday,2039-03,2039-01,2024
2024-02-06,Monday,2039-04,2039-01,2024
2024-01-24,Friday,2039-05,2039-01,2024
2024-02-10,Thursday,2039-06,2039-02,2024
2024-01-27,Thursday,2039-07,2039-02,2024
2024-02-08,Thursday,2039-08,2039-02,2024
2024-01-14,Monday,2039-09,2039-02,2024
2024-01-15,Tuesday,2039-10,2039-03,2024
2024-01-12,Thursday,2039-11,2039-03,2024
2024-01-24,Friday,2039-12,2039-03,2024
2024-01-08,Thursday,2039-13,2039-03,2024
2024-01-12,Wednesday,2039-14,2039-04,2024
2024-01-09,Wednesday,2039-15,2039-04,2024
2024-01-16,Tuesday,2039-16,2039-04,2024
2024-01-25,Friday,2039-17,2039-04,2024
2024-01-10,Tuesday,2039-18,2039-05,2024
2024-02-06,Monday,2039-19,2039-05,2024
2024-01-26,Tuesday,2039-20,2039-05,2024
2024-01-23,Friday,2039-21,2039-05,2024
2024-01-26,Wednesday,2039-22,2039-05,2024
2024-01-25,Friday,2039-23,2039-06,2024
2024-01-30,Thursday,2039-24,2039-06,2024
2024-01-26,Monday,2039-25,2039-06,2024
2024-01-28,Friday,2039-26,2039-06,2024
2024-02-04,Tuesday,2039-27,2039-07,2024
2024-02-03,Monday,2039-28,2039-07,2024
2024-01-23,Wednesday,2039-29,2039-07,2024
2024-02-04,Thursday,2039-30,2039-07,2024
2024-01-22,Tuesday,2039-31,2039-08,2024
2024-01-26,Wednesday,2039-32,2039-08,2024
2024-02-04,Tuesday,2039-33,2039-08,2024
2024-01-21,Monday,2039-34,2039-08,2024
2024-01-14,Tuesday,2039-35,2039-08,2024
2024-01-12,Monday,2039-36,2039-09,2024
2024-01-12,Monday,2039-37,2039-09,2024
2024-01-15,Thursday,2039-38,2039-09,2024
2024-01-09,Tuesday,2039-39,2039-09,2024
2024-01-21,Wednesday,2039-40,2039-10,2024
2024-01-18,Wednesday,2039-41,2039-10,2024
2024-01-21,Thursday,2039-42,2039-10,2024
2024-01-28,Tuesday,2039-43,2039-10,2024
2024-02-02,Tuesday,2039-44,2039-10,2024
2024-01-09,Tuesday,2039-45,2039-11,2024
2024-01-21,Tuesday,2039-46,2039-11,2024
2024-02-08,Thursday,2039-47,2039-11,2024
2024-01-11,Monday,2039-48,2039-11,2024
2024-01-10,Tuesday,2039-49,2039-12,2024
2024-01-25,Wednesday,2039-50,2039-12,2024
2024-01-13,Thursday,2039-51,2039-12,2024
2024-01-31,Tuesday,2039-52,2039-12,2024
2024-01-27,Friday,2040-01,2040-01,2024
2024-01-27,Friday,2040-02,2040-01,2024
2024-01-31,Monday,2040-03,2040-01,2024
2024-01-25,Monday,2040-04,2040-01,2024
2024-01-12,Thursday,2040-05,2040-01,2024
2024-01-14,Wednesday,2040-06,2040-02,2024
2024-01-13,Monday,2040-07,2040-02,2024
2024-01-11,Tuesday,2040-08,2040-02,2024
2024-01-29,Monday,2040-09,2040-02,2024
2024-01-31,Monday,2040-10,2040-03,2024
2024-01-16,Thursday,2040-11,2040-03,2024
2024-01-10,Tuesday,2040-12,2040-03,2024
2024-02-07,Monday,2040-13,2040-03,2024
2024-01-16,Thursday,2040-14,2040-04,2024
2024-02-04,Thursday,2040-15,2040-04,2024
2024-01-11,Thursday,2040-16,2040-04,2024
2024-01-21,Tuesday,2040-17,2040-04,2024
2024-01-28,Thursday,2040-18,2040-04,2024
2024-01-23,Thursday,2040-19,2040-05,2024
2024-01-18,Wednesday,2040-20,2040-05,2024
2024-01-26,Monday,2040-21,2040-05,2024
2024-01-11,Monday,2040-22,2040-05,2024
2024-01-23,Monday,2040-23,2040-06,2024
2024-02-09,Tuesday,2040-24,2040-06,2024
2024-01-31,Wednesday,2040-25,2040-06,2024
2024-02-05,Thursday,2040-26,2040-06,2024
2024-01-20,Thursday,2040-27,2040-07,2024
2024-02-01,Thursday,2040-28,2040-07,2024
2024-01-17,Friday,2040-29,2040-07,2024
2024-01-30,Wednesday,2040-30,2040-07,2024
2024-02-05,Monday,2040-31,2040-07,2024
2024-01-22,Friday,2040-32,2040-08,2024
2024-01-15,Thursday,2040-33,2040-08,2024
2024-02-06,Tuesday,2040-34,2040-08,2024
2024-01-12,Tuesday,2040-35,2040-08,2024
2024-01-15,Monday,2040-36,2040-09,2024
2024-01-25,Monday,2040-37,2040-09,2024
2024-01-28,Monday,2040-38,2040-09,2024
2024-01-24,Tuesday,2040-39,2040-09,2024
2024-01-28,Wednesday,2040-40,2040-10,2024
2024-01-17,Monday,2040-41,2040-10,2024
2024-01-12,Monday,2040-42,2040-10,2024
2024-01-23,Monday,2040-43,2040-10,2024
2024-01-22,Friday,2040-44,2040-10,2024
2024-01-25,Wednesday,2040-45,2040-11,2024
2024-01-08,Wednesday,2040-46,2040-11,2024
2024-01-18,Monday,2040-47,2040-11,2024
2024-01-08,Wednesday,2040-48,2040-11,2024
2024-01-16,Monday,2040-49,2040-12,2024
2024-01-12,Thursday,2040-50,2040-12,2024
2024-02-05,Wednesday,2040-51,2040-12,2024
2024-02-08,Monday,2040-52,2040-12,2024
2024-02-04,Thursday,2040-53,2040-12,2024
2024-02-10,Thursday,2041-01,2041-01,2024
2024-01-22,Friday,2041-02,2041-01,2024
2024-02-03,Friday,2041-03,2041-01,2024
2024-02-04,Tuesday,2041-04,2041-01,2024
2024-01-08,Thursday,2041-05,2041-02,2024
2024-01-22,Tuesday,2041-06,2041-02,2024
2024-01-18,Tuesday,2041-07,2041-02,2024
2024-01-31,Monday,2041-08,2041-02,2024
2024-01-24,Thursday,2041-09,2041-03,2024
2024-01-19,Wednesday,2041-10,2041-03,2024
2024-01-25,Tuesday,2041-11,2041-03,2024
2024-02-09,Monday,2041-12,2041-03,2024
2024-01-12,Thursday,2041-13,2041-04,2024
2024-01-15,Tuesday,2041-14,2041-04,2024
2024-01-28,Thursday,2041-15,2041-04,2024
2024-01-10,Thursday,2041-16,2041-04,2024
2024-02-06,Monday,2041-17,2041-04,2024
2024-01-18,Thursday,2041-18,2041-05,2024
2024-01-13,Thursday,2041-19,2041-05,2024
2024-02-07,Wednesday,2041-20,2041-05,2024
2024-01-25,Friday,2041-21,2041-05,2024
2024-02-07,Monday,2041-22,2041-06,2024
2024-01-13,Wednesday,2041-23,2041-06,2024
2024-02-09,Tuesday,2041-24,2041-06,2024
2024-01-12,Monday,2041-25,2041-06,2024
2024-01-13,Thursday,2041-26,2041-07,2024
2024-02-04,Tuesday,2041-27,2041-07,2024
2024-01-19,Thursday,2041-28,2041-07,2024
2024-02-03,Thursday,2041-29,2041-07,2024
2024-01-11,Friday,2041-30,2041-07,2024
2024-01-11,Friday,2041-31,2041-08,2024
2024-02-03,Tuesday,2041-32,2041-08,2024
2024-01-31,Monday,2041-33,2041-08,2024
2024-02-07,Wednesday,2041-34,2041-08,2024
2024-01-30,Friday,2041-35,2041-09,2024
2024-02-05,Monday,2041-36,2041-09,2024
2024-02-01,Wednesday,2041-37,2041-09,2024
2024-01-13,Monday,2041-38,2041-09,2024
2024-01-24,Monday,2041-39,2041-09,2024
2024-02-07,Monday,2041-40,2041-10,2024
2024-01-31,Monday,2041-41,2041-10,2024
2024-02-07,Monday,2041-42,2041-10,2024
2024-01-27,Monday,2041-43,2041-10,2024
2024-01-24,Friday,2041-44,2041-11,2024
2024-01-30,Tuesday,2041-45,2041-11,2024
2024-01-23,Thursday,2041-46,2041-11,2024
2024-02-08,Friday,2041-47,2041-11,2024
2024-01-22,Tuesday,2041-48,2041-12,2024
2024-01-12,Monday,2041-49,2041-12,2024
2024-02-06,Friday,2041-50,2041-12,2024
2024-01-21,Monday,2041-51,2041-12,2024
2024-01-26,Thursday,2041-52,2041-12,2024
2024-01-14,Thursday,2042-01,2042-01,2024
2024-01-10,Wednesday,2042-02,2042-01,2024
2024-01-30,Monday,2042-03,2042-01,2024
2024-01-12,Tuesday,2042-04,2042-01,2024
2024-01-23,Monday,2042-05,2042-02,2024
2024-01-17,Friday,2042-06,2042-02,2024
2024-02-02,Monday,2042-07,2042-02,2024
2024-02-05,Friday,2042-08,2042-02,2024
2024-01-12,Thursday,2042-09,2042-03,2024
2024-01-16,Tuesday,2042-10,2042-03,2024
2024-01-21,Tuesday,2042-11,2042-03,2024
2024-02-04,Wednesday,2042-12,2042-03,2024
2024-02-06,Wednesday,2042-13,2042-03,2024
2024-01-29,Monday,2042-14,2042-04,2024
2024-01-25,Thursday,2042-15,2042-04,2024
2024-02-10,Thursday,2042-16,2042-04,2024
2024-01-11,Wednesday,2042-17,2042-04,2024
2024-01-24,Monday,2042-18,2042-05,2024
2024-02-02,Wednesday,2042-19,2042-05,2024
2024-01-13,Friday,2042-20,2042-05,2024
2024-02-04,Friday,2042-21,2042-05,2024
2024-01-17,Tuesday,2042-22,2042-06,2024
2024-01-25,Monday,2042-23,2042-06,2024
2024-02-02,Monday,2042-24,2042-06,2024
2024-01-22,Friday,2042-25,2042-06,2024
2024-02-07,Wednesday,2042-26,2042-06,2024
2024-02-04,Friday,2042-27,2042-07,2024
2024-02-07,Wednesday,2042-28,2042-07,2024
2024-01-29,Friday,2042-29,2042-07,2024
2024-01-27,Friday,2042-30,2042-07,2024
2024-01-09,Tuesday,2042-31,2042-08,2024
2024-02-05,Wednesday,2042-32,2042-08,2024
2024-01-12,Thursday,2042-33,2042-08,2024
2024-01-11,Friday,2042-34,2042-08,2024
2024-02-02,Monday,2042-35,2042-09,2024
2024-02-10,Tuesday,2042-36,2042-09,2024
2024-02-04,Tuesday,2042-37,2042-09,2024
2024-02-08,Friday,2042-38,2042-09,2024
2024-01-31,Monday,2042-39,2042-09,2024
2024-02-10,Monday,2042-40,2042-10,2024
2024-01-26,Friday,2042-41,2042-10,2024
2024-02-02,Tuesday,2042-42,2042-10,2024
2024-01-31,Friday,2042-43,2042-10,2024
2024-01-15,Monday,2042-44,2042-11,2024
2024-01-21,Thursday,2042-45,2042-11,2024
2024-02-06,Tuesday,2042-46,2042-11,2024
2024-01-08,Monday,2042-47,2042-11,2024
2024-01-26,Friday,2042-48,2042-12,2024
2024-01-17,Friday,2042-49,2042-12,2024
2024-01-29,Thursday,2042-50,2042-12,2024
2024-01-21,Friday,2042-51,2042-12,2024
2024-01-28,Monday,2042-52,2042-12,2024
2024-02-02,Monday,2043-01,2043-01,2024
2024-01-23,Tuesday,2043-02,2043-01,2024
2024-01-10,Friday,2043-03,2043-01,2024
2024-01-13,Tuesday,2043-04,2043-01,2024
2024-01-26,Friday,2043-05,2043-02,2024
2024-01-12,Tuesday,2043-06,2043-02,2024
2024-01-15,Monday,2043-07,2043-02,2024
2024-01-27,Thursday,2043-08,2043-02,2024
2024-01-14,Thursday,2043-09,2043-03,2024
2024-01-22,Friday,2043-10,2043-03,2024
2024-01-22,Thursday,2043-11,2043-03,2024
2024-01-26,Thursday,2043-12,2043-03,2024
2024-02-05,Tuesday,2043-13,2043-03,2024
2024-02-09,Monday,2043-14,2043-04,2024
2024-01-24,Friday,2043-15,2043-04,2024
2024-01-19,Friday,2043-16,2043-04,2024
2024-02-02,Thursday,2043-17,2043-04,2024
2024-02-10,Tuesday,2043-18,2043-05,2024
2024-01-14,Monday,2043-19,2043-05,2024
2024-01-16,Monday,2043-20,2043-05,2024
2024-01-31,Wednesday,2043-21,2043-05,2024
2024-01-26,Monday,2043-22,2043-06,2024
2024-02-04,Tuesday,2043-23,2043-06,2024
2024-01-25,Thursday,2043-24,2043-06,2024
2024-01-20,Friday,2043-25,2043-06,2024
2024-01-11,Tuesday,2043-26,2043-06,2024
2024-01-29,Friday,2043-27,2043-07,2024
2024-02-08,Monday,2043-28,2043-07,2024
2024-01-12,Friday,2043-29,2043-07,2024
2024-02-02,Thursday,2043-30,2043-07,2024
2024-01-28,Thursday,2043-31,2043-08,2024
2024-02-03,Thursday,2043-32,2043-08,2024
2024-02-02,Thursday,2043-33,2043-08,2024
2024-01-24,Friday,2043-34,2043-08,2024
2024-01-27,Friday,2043-35,2043-08,2024
2024-01-29,Friday,2043-36,2043-09,2024
2024-02-04,Thursday,2043-37,2043-09,2024
2024-01-14,Thursday,2043-38,2043-09,2024
2024-01-26,Friday,2043-39,2043-09,2024
2024-01-22,Thursday,2043-40,2043-10,2024
2024-01-27,Friday,2043-41,2043-10,2024
2024-01-15,Monday,2043-42,2043-10,2024
2024-01-11,Wednesday,2043-43,2043-10,2024
2024-02-08,Friday,2043-44,2043-11,2024
2024-02-04,Wednesday,2043-45,2043-11,2024
2024-01-15,Monday,2043-46,2043-11,2024
2024-02-04,Friday,2043-47,2043-11,2024
2024-02-02,Monday,2043-48,2043-11,2024
2024-01-19,Thursday,2043-49,2043-12,2024
2024-01-09,Wednesday,2043-50,2043-12,2024
2024-01-28,Tuesday,2043-51,2043-12,2024
2024-01-11,Tuesday,2043-52,2043-12,2024
2024-01-22,Friday,2044-01,2044-01,2024
2024-01-20,Monday,2044-02,2044-01,2024
2024-01-13,Friday,2044-03,2044-01,2024
2024-01-22,Friday,2044-04,2044-01,2024
2024-02-09,Wednesday,2044-05,2044-02,2024
2024-01-31,Wednesday,2044-06,2044-02,2024
2024-02-06,Friday,2044-07,2044-02,2024
2024-02-06,Monday,2044-08,2044-02,2024
2024-02-02,Tuesday,2044-09,2044-02,2024
2024-01-13,Wednesday,2044-10,2044-03,2024
2024-01-27,Monday,2044-11,2044-03,2024
2024-01-17,Thursday,2044-12,2044-03,2024
2024-01-16,Thursday,2044-13,2044-03,2024
2024-01-29,Friday,2044-14,2044-04,2024
2024-02-04,Wednesday,2044-15,2044-04,2024
2024-01-13,Friday,2044-16,2044-04,2024
2024-01-26,Monday,2044-17,2044-04,2024
2024-01-17,Monday,2044-18,2044-05,2024
2024-01-13,Friday,2044-19,2044-05,2024
2024-01-09,Friday,2044-20,2044-05,2024
2024-02-03,Friday,2044-21,2044-05,2024
2024-02-06,Friday,2044-22,2044-05,2024
2024-02-01,Wednesday,2044-23,2044-06,2024
2024-01-17,Wednesday,2044-24,2044-06,2024
2024-01-27,Tuesday,2044-25,2044-06,2024
2024-01-23,Monday,2044-26,2044-06,2024
2024-02-06,Thursday,2044-27,2044-07,2024
2024-02-09,Tuesday,2044-28,2044-07,2024
2024-01-21,Friday,2044-29,2044-07,2024
2024-01-24,Tuesday,2044-30,2044-07,2024
2024-01-24,Friday,2044-31,2044-08,2024
2024-01-28,Friday,2044-32,2044-08,2024
2024-01-14,Tuesday,2044-33,2044-08,2024
2024-01-23,Tuesday,2044-34,2044-08,2024
2024-01-28,Friday,2044-35,2044-08,2024
2024-02-07,Thursday,2044-36,2044-09,2024
2024-01-22,Monday,2044-37,2044-09,2024
2024-02-05,Wednesday,2044-38,2044-09,2024
2024-01-17,Friday,2044-39,2044-09,2024
2024-01-15,Tuesday,2044-40,2044-10,2024
2024-01-30,Friday,2044-41,2044-10,2024
2024-01-27,Thursday,2044-42,2044-10,2024
2024-01-27,Monday,2044-43,2044-10,2024
2024-01-12,Monday,2044-44,2044-10,2024
2024-01-17,Thursday,2044-45,2044-11,2024
2024-01-28,Friday,2044-46,2044-11,2024
2024-01-10,Friday,2044-47,2044-11,2024
2024-02-06,Wednesday,2044-48,2044-11,2024
2024-01-15,Monday,2044-49,2044-12,2024
2024-01-10,Monday,2044-50,2044-12,2024
2024-01-24,Thursday,2044-51,2044-12,2024
2024-02-07,Thursday,2044-52,2044-12,2024
2024-01-18,Friday,2045-01,2045-01,2024
2024-01-18,Friday,2045-02,2045-01,2024
2024-02-08,Friday,2045-03,2045-01,2024
2024-01-09,Thursday,2045-04,2045-01,2024
2024-02-05,Wednesday,2045-05,2045-01,2024
2024-01-14,Friday,2045-06,2045-02,2024
2024-01-29,Friday,2045-07,2045-02,2024
2024-02-03,Friday,2045-08,2045-02,2024
2024-01-09,Monday,2045-09,2045-02,2024
2024-01-22,Monday,2045-10,2045-03,2024
2024-01-27,Tuesday,2045-11,2045-03,2024
2024-02-02,Monday,2045-12,2045-03,2024
2024-01-12,Thursday,2045-13,2045-03,2024
2024-01-28,Monday,2045-14,2045-04,2024
2024-01-26,Wednesday,2045-15,2045-04,2024
2024-01-21,Thursday,2045-16,2045-04,2024
2024-01-25,Tuesday,2045-17,2045-04,2024
2024-02-02,Wednesday,2045-18,2045-05,2024
2024-02-06,Thursday,2045-19,2045-05,2024
2024-02-07,Tuesday,2045-20,2045-05,2024
2024-01-29,Thursday,2045-21,2045-05,2024
2024-01-12,Monday,2045-22,2045-05,2024
2024-01-15,Tuesday,2045-23,2045-06,2024
2024-01-22,Thursday,2045-24,2045-06,2024
2024-01-25,Tuesday,2045-25,2045-06,2024
2024-01-24,Friday,2045-26,2045-06,2024
2024-02-07,Friday,2045-27,2045-07,2024
2024-01-12,Thursday,2045-28,2045-07,2024
2024-01-25,Friday,2045-29,2045-07,2024
2024-01-30,Thursday,2045-30,2045-07,2024
2024-02-05,Thursday,2045-31,2045-07,2024
2024-01-31,Thursday,2045-32,2045-08,2024
2024-02-06,Friday,2045-33,2045-08,2024
2024-01-24,Monday,2045-34,2045-08,2024
2024-02-08,Friday,2045-35,2045-08,2024
2024-01-25,Friday,2045-36,2045-09,2024
2024-02-07,Thursday,2045-37,2045-09,2024
2024-02-04,Monday,2045-38,2045-09,2024
2024-01-28,Tuesday,2045-39,2045-09,2024
2024-02-02,Monday,2045-40,2045-10,2024
2024-01-23,Tuesday,2045-41,2045-10,2024
2024-01-08,Wednesday,2045-42,2045-10,2024
2024-01-10,Thursday,2045-43,2045-10,2024
2024-01-30,Tuesday,2045-44,2045-10,2024
2024-02-07,Friday,2045-45,2045-11,2024
2024-01-24,Wednesday,2045-46,2045-11,2024
2024-01-15,Wednesday,2045-47,2045-11,2024
2024-01-08,Wednesday,2045-48,2045-11,2024
2024-01-15,Monday,2045-49,2045-12,2024
2024-02-05,Wednesday,2045-50,2045-12,2024
2024-02-05,Thursday,2045-51,2045-12,2024
2024-01-09,Friday,2045-52,2045-12,2024
2024-01-14,Thursday,2046-01,2046-01,2024
2024-01-17,Monday,2046-02,2046-01,2024
2024-02-09,Thursday,2046-03,2046-01,2024
2024-01-20,Friday,2046-04,2046-01,2024
2024-01-15,Wednesday,2046-05,2046-01,2024
2024-02-07,Friday,2046-06,2046-02,2024
2024-02-08,Monday,2046-07,2046-02,2024
2024-01-18,Thursday,2046-08,2046-02,2024
2024-01-15,Thursday,2046-09,2046-02,2024
2024-02-04,Friday,2046-10,2046-03,2024
2024-01-29,Thursday,2046-11,2046-03,2024
2024-01-11,Wednesday,2046-12,2046-03,2024
2024-01-29,Friday,2046-13,2046-03,2024
2024-01-21,Thursday,2046-14,2046-04,2024
2024-02-03,Wednesday,2046-15,2046-04,2024
2024-01-25,Friday,2046-16,2046-04,2024
2024-01-22,Thursday,2046-17,2046-04,2024
2024-02-07,Tuesday,2046-18,2046-04,2024
2024-01-17,Wednesday,2046-19,2046-05,2024
2024-01-23,Tuesday,2046-20,2046-05,2024
2024-01-09,Tuesday,2046-21,2046-05,2024
2024-01-15,Monday,2046-22,2046-05,2024
2024-01-18,Friday,2046-23,2046-06,2024
2024-02-01,Thursday,2046-24,2046-06,2024
2024-01-11,Friday,2046-25,2046-06,2024
2024-01-13,Wednesday,2046-26,2046-06,2024
2024-01-14,Tuesday,2046-27,2046-07,2024
2024-01-08,Tuesday,2046-28,2046-07,2024
2024-01-10,Tuesday,2046-29,2046-07,2024
2024-01-08,Friday,2046-30,2046-07,2024
2024-01-12,Monday,2046-31,2046-07,2024
2024-01-22,Wednesday,2046-32,2046-08,2024
2024-01-26,Thursday,2046-33,2046-08,2024
2024-01-14,Friday,2046-34,2046-08,2024
2024-02-09,Thursday,2046-35,2046-08,2024
2024-02-06,Tuesday,2046-36,2046-09,2024
2024-01-10,Tuesday,2046-37,2046-09,2024
2024-01-11,Thursday,2046-38,2046-09,2024
2024-01-12,Tuesday,2046-39,2046-09,2024
2024-02-07,Thursday,2046-40,2046-10,2024
2024-01-18,Tuesday,2046-41,2046-10,2024
2024-02-09,Thursday,2046-42,2046-10,2024
2024-01-12,Thursday,2046-43,2046-10,2024
2024-01-13,Friday,2046-44,2046-10,2024
2024-01-12,Monday,2046-45,2046-11,2024
2024-01-16,Tuesday,2046-46,2046-11,2024
2024-01-25,Monday,2046-47,2046-11,2024
2024-01-18,Thursday,2046-48,2046-11,2024
2024-01-09,Thursday,2046-49,2046-12,2024
2024-02-09,Monday,2046-50,2046-12,2024
2024-01-12,Thursday,2046-51,2046-12,2024
2024-01-30,Wednesday,2046-52,2046-12,2024
2024-02-10,Thursday,2046-53,2046-12,2024
2024-02-03,Wednesday,2047-01,2047-01,2024
2024-01-15,Wednesday,2047-02,2047-01,2024
2024-01-25,Thursday,2047-03,2047-01,2024
2024-02-08,Friday,2047-04,2047-01,2024
2024-01-29,Friday,2047-05,2047-02,2024
2024-01-17,Wednesday,2047-06,2047-02,2024
2024-01-19,Monday,2047-07,2047-02,2024
2024-01-31,Wednesday,2047-08,2047-02,2024
2024-01-17,Friday,2047-09,2047-03,2024
2024-01-18,Friday,2047-10,2047-03,2024
2024-01-15,Thursday,2047-11,2047-03,2024
2024-01-22,Monday,2047-12,2047-03,2024
2024-02-07,Wednesday,2047-13,2047-04,2024
2024-01-25,Thursday,2047-14,2047-04,2024
2024-01-27,Tuesday,2047-15,2047-04,2024
2024-02-10,Thursday,2047-16,2047-04,2024
2024-01-14,Tuesday,2047-17,2047-04,2024
2024-02-07,Tuesday,2047-18,2047-05,2024
2024-02-04,Tuesday,2047-19,2047-05,2024
2024-02-05,Wednesday,2047-20,2047-05,2024
2024-02-03,Thursday,2047-21,2047-05,2024
2024-01-08,Tuesday,2047-22,2047-06,2024
2024-02-01,Thursday,2047-23,2047-06,2024
2024-01-24,Friday,2047-24,2047-06,2024
2024-01-27,Monday,2047-25,2047-06,2024
2024-01-12,Monday,2047-26,2047-07,2024
2024-02-07,Monday,2047-27,2047-07,2024
2024-01-19,Tuesday,2047-28,2047-07,2024
2024-01-11,Monday,2047-29,2047-07,2024
2024-01-31,Tuesday,2047-30,2047-07,2024
2024-01-16,Thursday,2047-31,2047-08,2024
2024-01-30,Monday,2047-32,2047-08,2024
2024-01-08,Thursday,2047-33,2047-08,2024
2024-01-12,Thursday,2047-34,2047-08,2024
2024-01-29,Monday,2047-35,2047-09,2024
2024-01-12,Tuesday,2047-36,2047-09,2024
2024-02-02,Wednesday,2047-37,2047-09,2024
2024-01-26,Tuesday,2047-38,2047-09,2024
2024-01-15,Thursday,2047-39,2047-09,2024
2024-01-08,Wednesday,2047-40,2047-10,2024
2024-01-24,Monday,2047-41,2047-10,2024
2024-01-21,Thursday,2047-42,2047-10,2024
2024-02-07,Thursday,2047-43,2047-10,2024
2024-01-13,Tuesday,2047-44,2047-11,2024
2024-01-21,Tuesday,2047-45,2047-11,2024
2024-02-06,Thursday,2047-46,2047-11,2024
2024-02-10,Tuesday,2047-47,2047-11,2024
2024-02-07,Friday,2047-48,2047-12,2024
2024-01-13,Thursday,2047-49,2047-12,2024
2024-01-27,Tuesday,2047-50,2047-12,2024
2024-01-21,Wednesday,2047-51,2047-12,2024
2024-01-31,Monday,2047-52,2047-12,2024
2024-01-15,Tuesday,2048-01,2048-01,2024
2024-02-03,Wednesday,2048-02,2048-01,2024
2024-02-06,Tuesday,2048-03,2048-01,2024
2024-02-09,Friday,2048-04,2048-01,2024
2024-02-08,Tuesday,2048-05,2048-02,2024
2024-01-12,Monday,2048-06,2048-02,2024
2024-01-26,Tuesday,2048-07,2048-02,2024
2024-02-04,Friday,2048-08,2048-02,2024
2024-01-08,Wednesday,2048-09,2048-03,2024
2024-01-27,Wednesday,2048-10,2048-03,2024
2024-01-09,Wednesday,2048-11,2048-03,2024
2024-02-05,Wednesday,2048-12,2048-03,2024
2024-01-23,Wednesday,2048-13,2048-03,2024
2024-01-20,Thursday,2048-14,2048-04,2024
2024-02-05,Friday,2048-15,2048-04,2024
2024-01-21,Tuesday,2048-16,2048-04,2024
2024-01-30,Wednesday,2048-17,2048-04,2024
2024-02-07,Tuesday,2048-18,2048-05,2024
2024-01-11,Monday,2048-19,2048-05,2024
2024-02-01,Wednesday,2048-20,2048-05,2024
2024-01-08,Wednesday,2048-21,2048-05,2024
2024-02-06,Thursday,2048-22,2048-06,2024
2024-02-06,Thursday,2048-23,2048-06,2024
2024-02-07,Friday,2048-24,2048-06,2024
2024-01-24,Thursday,2048-25,2048-06,2024
2024-01-13,Friday,2048-26,2048-06,2024
2024-02-01,Friday,2048-27,2048-07,2024
2024-01-29,Monday,2048-28,2048-07,2024
2024-01-19,Wednesday,2048-29,2048-07,2024
2024-01-15,Tuesday,2048-30,2048-07,2024
2024-01-27,Wednesday,2048-31,2048-08,2024
2024-01-28,Thursday,2048-32,2048-08,2024
2024-01-24,Friday,2048-33,2048-08,2024
2024-01-20,Monday,2048-34,2048-08,2024
2024-02-07,Thursday,2048-35,2048-08,2024
2024-02-10,Friday,2048-36,2048-09,2024
2024-02-03,Wednesday,2048-37,2048-09,2024
2024-02-08,Monday,2048-38,2048-09,2024
2024-01-09,Friday,2048-39,2048-09,2024
2024-01-08,Friday,2048-40,2048-10,2024
2024-01-29,Friday,2048-41,2048-10,2024
2024-01-29,Thursday,2048-42,2048-10,2024
2024-01-19,Friday,2048-43,2048-10,2024
2024-01-12,Tuesday,2048-44,2048-11,2024
2024-01-31,Thursday,2048-45,2048-11,2024
2024-01-15,Monday,2048-46,2048-11,2024
2024-01-10,Friday,2048-47,2048-11,2024
2024-01-15,Friday,2048-48,2048-11,2024
2024-01-30,Tuesday,2048-49,2048-12,2024
2024-01-08,Friday,2048-50,2048-12,2024
2024-02-10,Tuesday,2048-51,2048-12,2024
2024-02-06,Wednesday,2048-52,2048-12,2024
2024-01-18,Tuesday,2049-01,2049-01,2024
2024-01-11,Wednesday,2049-02,2049-01,2024
2024-02-03,Friday,2049-03,2049-01,2024
2024-01-11,Monday,2049-04,2049-01,2024
2024-02-09,Friday,2049-05,2049-02,2024
2024-02-05,Monday,2049-06,2049-02,2024
2024-01-29,Thursday,2049-07,2049-02,2024
2024-01-18,Friday,2049-08,2049-02,2024
2024-01-17,Tuesday,2049-09,2049-03,2024
2024-02-07,Tuesday,2049-10,2049-03,2024
2024-01-26,Friday,2049-11,2049-03,2024
2024-01-17,Thursday,2049-12,2049-03,2024
2024-01-14,Wednesday,2049-13,2049-03,2024
2024-01-19,Thursday,2049-14,2049-04,2024
2024-01-27,Monday,2049-15,2049-04,2024
2024-01-21,Monday,2049-16,2049-04,2024
2024-01-09,Wednesday,2049-17,2049-04,2024
2024-02-01,Wednesday,2049-18,2049-05,2024
2024-02-02,Monday,2049-19,2049-05,2024
2024-01-15,Thursday,2049-20,2049-05,2024
2024-01-11,Monday,2049-21,2049-05,2024
2024-01-14,Thursday,2049-22,2049-05,2024
2024-01-15,Friday,2049-23,2049-06,2024
2024-01-22,Tuesday,2049-24,2049-06,2024
2024-01-17,Wednesday,2049-25,2049-06,2024
2024-01-17,Thursday,2049-26,2049-06,2024
2024-01-12,Tuesday,2049-27,2049-07,2024
2024-02-09,Friday,2049-28,2049-07,2024
2024-01-14,Tuesday,2049-29,2049-07,2024
2024-02-10,Monday,2049-30,2049-07,2024
2024-02-04,Thursday,2049-31,2049-08,2024
2024-01-24,Monday,2049-32,2049-08,2024
2024-01-17,Monday,2049-33,2049-08,2024
2024-01-23,Thursday,2049-34,2049-08,2024
2024-01-26,Thursday,2049-35,2049-08,2024
2024-01-15,Friday,2049-36,2049-09,2024
2024-01-15,Wednesday,2049-37,2049-09,2024
2024-02-07,Friday,2049-38,2049-09,2024
2024-02-09,Friday,2049-39,2049-09,2024
2024-02-03,Thursday,2049-40,2049-10,2024
2024-01-15,Thursday,2049-41,2049-10,2024
2024-01-15,Thursday,2049-42,2049-10,2024
2024-02-03,Wednesday,2049-43,2049-10,2024
2024-01-30,Monday,2049-44,2049-11,2024
2024-01-19,Thursday,2049-45,2049-11,2024
2024-01-11,Tuesday,2049-46,2049-11,2024
2024-01-24,Monday,2049-47,2049-11,2024
2024-01-30,Thursday,2049-48,2049-11,2024
2024-01-11,Wednesday,2049-49,2049-12,2024
2024-01-24,Wednesday,2049-50,2049-12,2024
2024-01-29,Thursday,2049-51,2049-12,2024
2024-01-26,Friday,2049-52,2049-12,2024
2024-02-07,Monday,2050-01,2050-01,2024
2024-02-02,Monday,2050-02,2050-01,2024
2024-02-09,Thursday,2050-03,2050-01,2024
2024-02-03,Friday,2050-04,2050-01,2024
2024-01-15,Friday,2050-05,2050-01,2024
2024-02-06,Thursday,2050-06,2050-02,2024
2024-02-01,Friday,2050-07,2050-02,2024
2024-02-07,Friday,2050-08,2050-02,2024
2024-01-24,Friday,2050-09,2050-02,2024
2024-01-25,Thursday,2050-10,2050-03,2024
2024-01-16,Thursday,2050-11,2050-03,2024
2024-01-28,Wednesday,2050-12,2050-03,2024
2024-01-10,Friday,2050-13,2050-03,2024
2024-02-04,Thursday,2050-14,2050-04,2024
2024-02-07,Tuesday,2050-15,2050-04,2024
2024-01-17,Tuesday,2050-16,2050-04,2024
2024-02-04,Thursday,2050-17,2050-04,2024
2024-01-30,Friday,2050-18,2050-05,2024
2024-01-09,Monday,2050-19,2050-05,2024
2024-01-12,Tuesday,2050-20,2050-05,2024
2024-02-08,Friday,2050-21,2050-05,2024
2024-01-20,Tuesday,2050-22,2050-05,2024
2024-02-08,Monday,2050-23,2050-06,2024
2024-01-28,Thursday,2050-24,2050-06,2024
2024-01-13,Friday,2050-25,2050-06,2024
2024-02-05,Wednesday,2050-26,2050-06,2024
2024-02-09,Thursday,2050-27,2050-07,2024
2024-01-09,Tuesday,2050-28,2050-07,2024
2024-01-21,Monday,2050-29,2050-07,2024
2024-01-10,Thursday,2050-30,2050-07,2024
2024-01-30,Friday,2050-31,2050-08,2024
2024-01-15,Wednesday,2050-32,2050-08,2024
2024-01-21,Tuesday,2050-33,2050-08,2024
2024-01-08,Thursday,2050-34,2050-08,2024
2024-01-30,Wednesday,2050-35,2050-08,2024
2024-01-29,Thursday,2050-36,2050-09,2024
2024-01-20,Monday,2050-37,2050-09,2024
2024-01-24,Wednesday,2050-38,2050-09,2024
2024-01-13,Tuesday,2050-39,2050-09,2024
2024-01-16,Monday,2050-40,2050-10,2024
2024-01-23,Tuesday,2050-41,2050-10,2024
2024-01-16,Friday,2050-42,2050-10,2024
2024-01-15,Friday,2050-43,2050-10,2024
2024-02-04,Tuesday,2050-44,2050-10,2024
2024-01-25,Monday,2050-45,2050-11,2024
2024-01-11,Wednesday,2050-46,2050-11,2024
2024-01-29,Thursday,2050-47,2050-11,2024
2024-02-08,Thursday,2050-48,2050-11,2024
2024-01-29,Friday,2050-49,2050-12,2024
2024-02-08,Tuesday,2050-50,2050-12,2024
2024-01-28,Friday,2050-51,2050-12,2024
2024-02-03,Friday,2050-52,2050-12,2024
2024-01-15,Tuesday,2051-01,2051-01,2024
2024-01-24,Friday,2051-02,2051-01,2024
2024-01-11,Wednesday,2051-03,2051-01,2024
2024-01-14,Friday,2051-04,2051-01,2024
2024-01-29,Monday,2051-05,2051-01,2024
2024-01-12,Friday,2051-06,2051-02,2024
2024-02-03,Tuesday,2051-07,2051-02,2024
2024-02-03,Wednesday,2051-08,2051-02,2024
2024-02-03,Friday,2051-09,2051-02,2024
2024-01-31,Friday,2051-10,2051-03,2024
2024-01-27,Tuesday,2051-11,2051-03,2024
2024-01-18,Wednesday,2051-12,2051-03,2024
2024-01-15,Tuesday,2051-13,2051-03,2024
2024-02-06,Tuesday,2051-14,2051-04,2024
2024-01-29,Wednesday,2051-15,2051-04,2024
2024-01-18,Monday,2051-16,2051-04,2024
2024-01-24,Wednesday,2051-17,2051-04,2024
2024-01-29,Wednesday,2051-18,2051-05,2024
2024-01-28,Thursday,2051-19,2051-05,2024
2024-01-22,Tuesday,2051-20,2051-05,2024
2024-01-13,Monday,2051-21,2051-05,2024
2024-01-09,Tuesday,2051-22,2051-05,2024
2024-01-25,Wednesday,2051-23,2051-06,2024
2024-01-24,Tuesday,2051-24,2051-06,2024
2024-01-14,Thursday,2051-25,2051-06,2024
2024-01-24,Wednesday,2051-26,2051-06,2024
2024-01-19,Wednesday,2051-27,2051-07,2024
2024-01-27,Thursday,2051-28,2051-07,2024
2024-02-01,Thursday,2051-29,2051-07,2024
2024-01-11,Friday,2051-30,2051-07,2024
2024-01-10,Tuesday,2051-31,2051-07,2024
2024-01-14,Friday,2051-32,2051-08,2024
2024-01-08,Tuesday,2051-33,2051-08,2024
2024-01-26,Thursday,2051-34,2051-08,2024
2024-02-06,Friday,2051-35,2051-08,2024
2024-01-16,Thursday,2051-36,2051-09,2024
2024-01-31,Tuesday,2051-37,2051-09,2024
2024-01-15,Thursday,2051-38,2051-09,2024
2024-01-30,Tuesday,2051-39,2051-09,2024
2024-01-10,Monday,2051-40,2051-10,2024
2024-02-04,Tuesday,2051-41,2051-10,2024
2024-02-02,Tuesday,2051-42,2051-10,2024
2024-01-22,Tuesday,2051-43,2051-10,2024
2024-01-13,Wednesday,2051-44,2051-10,2024
2024-01-28,Thursday,2051-45,2051-11,2024
2024-01-16,Tuesday,2051-46,2051-11,2024
2024-01-30,Friday,2051-47,2051-11,2024
2024-01-11,Friday,2051-48,2051-11,2024
2024-01-27,Monday,2051-49,2051-12,2024
2024-01-20,Wednesday,2051-50,2051-12,2024
2024-02-10,Tuesday,2051-51,2051-12,2024
2024-01-28,Tuesday,2051-52,2051-12,2024
2024-02-08,Wednesday,2052-01,2052-01,2024
2024-01-18,Tuesday,2052-02,2052-01,2024
2024-01-28,Thursday,2052-03,2052-01,2024
2024-02-05,Wednesday,2052-04,2052-01,2024
2024-01-20,Monday,2052-05,2052-01,2024
2024-01-24,Wednesday,2052-06,2052-02,2024
2024-01-20,Friday,2052-07,2052-02,2024
2024-01-15,Tuesday,2052-08,2052-02,2024
2024-01-21,Friday,2052-09,2052-02,2024
2024-01-13,Tuesday,2052-10,2052-03,2024
2024-01-08,Tuesday,2052-11,2052-03,2024
2024-01-26,Wednesday,2052-12,2052-03,2024
2024-01-18,Thursday,2052-13,2052-03,2024
2024-02-02,Tuesday,2052-14,2052-04,2024
2024-01-24,Thursday,2052-15,2052-04,2024
2024-02-09,Tuesday,2052-16,2052-04,2024
2024-01-12,Friday,2052-17,2052-04,2024
2024-01-21,Friday,2052-18,2052-04,2024
2024-01-31,Tuesday,2052-19,2052-05,2024
2024-01-29,Monday,2052-20,2052-05,2024
2024-01-21,Tuesday,2052-21,2052-05,2024
2024-02-03,Tuesday,2052-22,2052-05,2024
2024-01-15,Thursday,2052-23,2052-06,2024
2024-01-27,Thursday,2052-24,2052-06,2024
2024-02-06,Thursday,2052-25,2052-06,2024
2024-01-20,Thursday,2052-26,2052-06,2024
2024-02-02,Thursday,2052-27,2052-07,2024
2024-02-08,Monday,2052-28,2052-07,2024
2024-01-30,Monday,2052-29,2052-07,2024
2024-01-19,Friday,2052-30,2052-07,2024
2024-01-18,Wednesday,2052-31,2052-07,2024
2024-02-08,Friday,2052-32,2052-08,2024
2024-01-09,Tuesday,2052-33,2052-08,2024
2024-01-21,Wednesday,2052-34,2052-08,2024
2024-01-12,Friday,2052-35,2052-08,2024
2024-01-30,Wednesday,2052-36,2052-09,2024
2024-01-29,Wednesday,2052-37,2052-09,2024
2024-02-10,Wednesday,2052-38,2052-09,2024
2024-01-24,Wednesday,2052-39,2052-09,2024
2024-01-24,Thursday,2052-40,2052-09,2024
2024-01-20,Monday,2052-41,2052-10,2024
2024-01-31,Tuesday,2052-42,2052-10,2024
2024-01-29,Wednesday,2052-43,2052-10,2024
2024-02-09,Monday,2052-44,2052-10,2024
2024-01-08,Friday,2052-45,2052-11,2024
2024-01-13,Wednesday,2052-46,2052-11,2024
2024-01-09,Wednesday,2052-47,2052-11,2024
2024-01-21,Friday,2052-48,2052-11,2024
2024-01-12,Monday,2052-49,2052-12,2024
2024-01-22,Thursday,2052-50,2052-12,2024
2024-01-13,Thursday,2052-51,2052-12,2024
2024-01-30,Wednesday,2052-52,2052-12,2024
2024-01-14,Tuesday,2052-53,2052-12,2024
2024-01-19,Wednesday,2053-01,2053-01,2024
2024-01-25,Tuesday,2053-02,2053-01,2024
2024-01-15,Friday,2053-03,2053-01,2024
2024-01-21,Friday,2053-04,2053-01,2024
2024-02-07,Tuesday,2053-05,2053-02,2024
2024-01-30,Monday,2053-06,2053-02,2024
2024-02-06,Friday,2053-07,2053-02,2024
2024-01-27,Monday,2053-08,2053-02,2024
2024-02-07,Monday,2053-09,2053-03,2024
2024-01-11,Wednesday,2053-10,2053-03,2024
2024-01-28,Monday,2053-11,2053-03,2024
2024-01-12,Friday,2053-12,2053-03,2024
2024-01-27,Friday,2053-13,2053-03,2024
2024-01-23,Wednesday,2053-14,2053-04,2024
2024-01-31,Friday,2053-15,2053-04,2024
2024-01-20,Friday,2053-16,2053-04,2024
2024-01-29,Thursday,2053-17,2053-04,2024
2024-01-12,Thursday,2053-18,2053-05,2024
2024-02-02,Monday,2053-19,2053-05,2024
2024-01-10,Thursday,2053-20,2053-05,2024
2024-02-10,Thursday,2053-21,2053-05,2024
2024-01-13,Thursday,2053-22,2053-06,2024
2024-01-12,Friday,2053-23,2053-06,2024
2024-02-01,Friday,2053-24,2053-06,2024
2024-01-23,Tuesday,2053-25,2053-06,2024
2024-01-16,Friday,2053-26,2053-06,2024
2024-02-10,Monday,2053-27,2053-07,2024
2024-02-10,Friday,2053-28,2053-07,2024
2024-02-05,Wednesday,2053-29,2053-07,2024
2024-02-05,Tuesday,2053-30,2053-07,2024
2024-02-01,Wednesday,2053-31,2053-08,2024
2024-02-02,Thursday,2053-32,2053-08,2024
2024-01-13,Thursday,2053-33,2053-08,2024
2024-01-20,Monday,2053-34,2053-08,2024
2024-01-31,Wednesday,2053-35,2053-09,2024
2024-01-16,Friday,2053-36,2053-09,2024
2024-01-12,Friday,2053-37,2053-09,2024
2024-01-19,Monday,2053-38,2053-09,2024
2024-01-27,Friday,2053-39,2053-09,2024
2024-01-24,Tuesday,2053-40,2053-10,2024
2024-01-16,Tuesday,2053-41,2053-10,2024
2024-01-30,Friday,2053-42,2053-10,2024
2024-02-03,Wednesday,2053-43,2053-10,2024
2024-01-22,Friday,2053-44,2053-11,2024
2024-02-01,Wednesday,2053-45,2053-11,2024
2024-02-02,Tuesday,2053-46,2053-11,2024
2024-01-14,Friday,2053-47,2053-11,2024
2024-01-17,Thursday,2053-48,2053-12,2024
2024-01-20,Wednesday,2053-49,2053-12,2024
2024-02-01,Thursday,2053-50,2053-12,2024
2024-01-25,Friday,2053-51,2053-12,2024
2024-01-15,Thursday,2053-52,2053-12,2024
2024-01-14,Friday,2054-01,2054-01,2024
2024-01-15,Thursday,2054-02,2054-01,2024
2024-01-11,Friday,2054-03,2054-01,2024
2024-02-04,Tuesday,2054-04,2054-01,2024
2024-02-10,Monday,2054-05,2054-02,2024
2024-01-09,Wednesday,2054-06,2054-02,2024
2024-01-20,Tuesday,2054-07,2054-02,2024
2024-02-08,Tuesday,2054-08,2054-02,2024
2024-02-10,Tuesday,2054-09,2054-03,2024
2024-01-12,Tuesday,2054-10,2054-03,2024
2024-01-17,Thursday,2054-11,2054-03,2024
2024-01-17,Thursday,2054-12,2054-03,2024
2024-01-27,Wednesday,2054-13,2054-03,2024
2024-01-31,Thursday,2054-14,2054-04,2024
2024-01-22,Tuesday,2054-15,2054-04,2024
2024-02-01,Thursday,2054-16,2054-04,2024
2024-01-26,Thursday,2054-17,2054-04,2024
2024-01-23,Monday,2054-18,2054-05,2024
2024-01-27,Tuesday,2054-19,2054-05,2024
2024-01-18,Friday,2054-20,2054-05,2024
2024-01-25,Wednesday,2054-21,2054-05,2024
2024-02-10,Monday,2054-22,2054-06,2024
2024-02-02,Thursday,2054-23,2054-06,2024
2024-02-05,Thursday,2054-24,2054-06,2024
2024-01-14,Thursday,2054-25,2054-06,2024
2024-01-31,Tuesday,2054-26,2054-06,2024
2024-01-23,Monday,2054-27,2054-07,2024
2024-01-26,Monday,2054-28,2054-07,2024
2024-01-31,Wednesday,2054-29,2054-07,2024
2024-02-07,Monday,2054-30,2054-07,2024
2024-02-10,Wednesday,2054-31,2054-08,2024
2024-01-10,Monday,2054-32,2054-08,2024
2024-01-13,Thursday,2054-33,2054-08,2024
2024-01-18,Monday,2054-34,2054-08,2024
2024-01-23,Thursday,2054-35,2054-08,2024
2024-02-04,Wednesday,2054-36,2054-09,2024
2024-01-15,Thursday,2054-37,2054-09,2024
2024-01-15,Tuesday,2054-38,2054-09,2024
2024-02-05,Wednesday,2054-39,2054-09,2024
2024-01-28,Thursday,2054-40,2054-10,2024
2024-01-19,Wednesday,2054-41,2054-10,2024
2024-01-22,Wednesday,2054-42,2054-10,2024
2024-01-14,Wednesday,2054-43,2054-10,2024
2024-01-12,Wednesday,2054-44,2054-11,2024
2024-01-25,Monday,2054-45,2054-11,2024
2024-01-20,Friday,2054-46,2054-11,2024
2024-02-03,Wednesday,2054-47,2054-11,2024
2024-01-12,Monday,2054-48,2054-11,2024
2024-01-22,Wednesday,2054-49,2054-12,2024
2024-02-09,Monday,2054-50,2054-12,2024
2024-01-12,Wednesday,2054-51,2054-12,2024
2024-01-15,Wednesday,2054-52,2054-12,2024
2024-02-02,Thursday,2055-01,2055-01,2024
2024-01-20,Thursday,2055-02,2055-01,2024
2024-02-07,Friday,2055-03,2055-01,2024
2024-02-02,Thursday,2055-04,2055-01,2024
2024-02-04,Friday,2055-05,2055-02,2024
2024-01-19,Wednesday,2055-06,2055-02,2024
2024-01-14,Tuesday,2055-07,2055-02,2024
2024-01-25,Wednesday,2055-08,2055-02,2024
2024-01-23,Monday,2055-09,2055-03,2024
2024-01-17,Thursday,2055-10,2055-03,2024
2024-01-26,Friday,2055-11,2055-03,2024
2024-01-17,Friday,2055-12,2055-03,2024
2024-01-13,Tuesday,2055-13,2055-03,2024
2024-02-10,Friday,2055-14,2055-04,2024
2024-02-10,Thursday,2055-15,2055-04,2024
2024-01-22,Thursday,2055-16,2055-04,2024
2024-01-26,Tuesday,2055-17,2055-04,2024
2024-01-12,Wednesday,2055-18,2055-05,2024
2024-01-31,Monday,2055-19,2055-05,2024
2024-02-09,Wednesday,2055-20,2055-05,2024
2024-01-28,Thursday,2055-21,2055-05,2024
2024-01-29,Wednesday,2055-22,2055-05,2024
2024-02-02,Thursday,2055-23,2055-06,2024
2024-01-28,Friday,2055-24,2055-06,2024
2024-01-29,Monday,2055-25,2055-06,2024
2024-01-10,Monday,2055-26,2055-06,2024
2024-01-17,Friday,2055-27,2055-07,2024
2024-01-13,Tuesday,2055-28,2055-07,2024
2024-01-23,Monday,2055-29,2055-07,2024
2024-02-09,Monday,2055-30,2055-07,2024
2024-01-08,Tuesday,2055-31,2055-08,2024
2024-01-21,Friday,2055-32,2055-08,2024
2024-01-25,Tuesday,2055-33,2055-08,2024
2024-02-04,Monday,2055-34,2055-08,2024
2024-01-30,Monday,2055-35,2055-08,2024
2024-02-09,Wednesday,2055-36,2055-09,2024
2024-01-11,Thursday,2055-37,2055-09,2024
2024-01-28,Tuesday,2055-38,2055-09,2024
2024-01-30,Friday,2055-39,2055-09,2024
2024-01-27,Wednesday,2055-40,2055-10,2024
2024-01-15,Thursday,2055-41,2055-10,2024
2024-01-24,Thursday,2055-42,2055-10,2024
2024-01-22,Monday,2055-43,2055-10,2024
2024-01-18,Tuesday,2055-44,2055-11,2024
2024-01-18,Thursday,2055-45,2055-11,2024
2024-01-21,Monday,2055-46,2055-11,2024
2024-01-11,Friday,2055-47,2055-11,2024
2024-01-10,Monday,2055-48,2055-11,2024
2024-02-08,Tuesday,2055-49,2055-12,2024
2024-01-18,Thursday,2055-50,2055-12,2024
2024-01-26,Wednesday,2055-51,2055-12,2024
2024-01-15,Friday,2055-52,2055-12,2024
2024-01-28,Monday,2056-01,2056-01,2024
2024-02-08,Friday,2056-02,2056-01,2024
2024-01-29,Thursday,2056-03,2056-01,2024
2024-01-27,Thursday,2056-04,2056-01,2024
2024-01-31,Thursday,2056-05,2056-01,2024
2024-02-08,Thursday,2056-06,2056-02,2024
2024-01-22,Wednesday,2056-07,2056-02,2024
2024-02-04,Tuesday,2056-08,2056-02,2024
2024-02-02,Tuesday,2056-09,2056-02,2024
2024-01-24,Wednesday,2056-10,2056-03,2024
2024-01-17,Monday,2056-11,2056-03,2024
2024-01-28,Wednesday,2056-12,2056-03,2024
2024-02-08,Wednesday,2056-13,2056-03,2024
2024-01-26,Monday,2056-14,2056-04,2024
2024-01-24,Thursday,2056-15,2056-04,2024
2024-02-05,Wednesday,2056-16,2056-04,2024
2024-01-18,Tuesday,2056-17,2056-04,2024
2024-02-06,Monday,2056-18,2056-05,2024
2024-01-31,Wednesday,2056-19,2056-05,2024
2024-01-30,Thursday,2056-20,2056-05,2024
2024-01-09,Monday,2056-21,2056-05,2024
2024-02-02,Thursday,2056-22,2056-05,2024
2024-01-20,Friday,2056-23,2056-06,2024
2024-01-23,Thursday,2056-24,2056-06,2024
2024-01-23,Friday,2056-25,2056-06,2024
2024-02-06,Thursday,2056-26,2056-06,2024
2024-01-24,Friday,2056-27,2056-07,2024
2024-01-31,Tuesday,2056-28,2056-07,2024
2024-02-01,Monday,2056-29,2056-07,2024
2024-02-08,Thursday,2056-30,2056-07,2024
2024-01-13,Friday,2056-31,2056-07,2024
2024-02-02,Monday,2056-32,2056-08,2024
2024-01-25,Wednesday,2056-33,2056-08,2024
2024-02-09,Wednesday,2056-34,2056-08,2024
2024-02-02,Friday,2056-35,2056-08,2024
2024-02-01,Tuesday,2056-36,2056-09,2024
2024-01-08,Monday,2056-37,2056-09,2024
2024-01-13,Friday,2056-38,2056-09,2024
2024-01-18,Wednesday,2056-39,2056-09,2024
2024-01-24,Wednesday,2056-40,2056-10,2024
2024-01-14,Thursday,2056-41,2056-10,2024
2024-01-15,Friday,2056-42,2056-10,2024
2024-01-24,Friday,2056-43,2056-10,2024
2024-01-25,Tuesday,2056-44,2056-10,2024
2024-01-09,Friday,2056-45,2056-11,2024
2024-01-31,Monday,2056-46,2056-11,2024
2024-01-27,Monday,2056-47,2056-11,2024
2024-01-16,Monday,2056-48,2056-11,2024
2024-01-26,Thursday,2056-49,2056-12,2024
2024-02-08,Wednesday,2056-50,2056-12,2024
2024-01-31,Friday,2056-51,2056-12,2024
2024-01-31,Tuesday,2056-52,2056-12,2024
2024-01-20,Friday,2057-01,2057-01,2024
2024-01-23,Thursday,2057-02,2057-01,2024
2024-01-11,Thursday,2057-03,2057-01,2024
2024-01-14,Monday,2057-04,2057-01,2024
2024-01-10,Tuesday,2057-05,2057-01,2024
2024-02-06,Wednesday,2057-06,2057-02,2024
2024-02-06,Tuesday,2057-07,2057-02,2024
2024-01-27,Tuesday,2057-08,2057-02,2024
2024-01-20,Wednesday,2057-09,2057-02,2024
2024-01-28,Monday,2057-10,2057-03,2024
2024-01-19,Friday,2057-11,2057-03,2024
2024-02-09,Tuesday,2057-12,2057-03,2024
2024-02-10,Tuesday,2057-13,2057-03,2024
2024-01-14,Thursday,2057-14,2057-04,2024
2024-02-08,Monday,2057-15,2057-04,2024
2024-01-28,Tuesday,2057-16,2057-04,2024
2024-01-26,Wednesday,2057-17,2057-04,2024
2024-01-18,Thursday,2057-18,2057-04,2024
2024-01-18,Tuesday,2057-19,2057-05,2024
2024-01-18,Monday,2057-20,2057-05,2024
2024-02-08,Thursday,2057-21,2057-05,2024
2024-01-15,Tuesday,2057-22,2057-05,2024
2024-01-09,Wednesday,2057-23,2057-06,2024
2024-01-25,Tuesday,2057-24,2057-06,2024
2024-01-14,Monday,2057-25,2057-06,2024
2024-02-05,Wednesday,2057-26,2057-06,2024
2024-02-03,Wednesday,2057-27,2057-07,2024
2024-01-13,Tuesday,2057-28,2057-07,2024
2024-01-09,Monday,2057-29,2057-07,2024
2024-01-26,Tuesday,2057-30,2057-07,2024
2024-01-23,Monday,2057-31,2057-07,2024
2024-01-20,Wednesday,2057-32,2057-08,2024
2024-01-13,Thursday,2057-33,2057-08,2024
2024-01-11,Tuesday,2057-34,2057-08,2024
2024-01-28,Thursday,2057-35,2057-08,2024
2024-02-04,Thursday,2057-36,2057-09,2024
2024-02-08,Friday,2057-37,2057-09,2024
2024-01-30,Thursday,2057-38,2057-09,2024
2024-01-14,Friday,2057-39,2057-09,2024
2024-02-05,Monday,2057-40,2057-10,2024
2024-02-08,Thursday,2057-41,2057-10,2024
2024-02-05,Thursday,2057-42,2057-10,2024
2024-01-12,Tuesday,2057-43,2057-10,2024
2024-01-30,Tuesday,2057-44,2057-10,2024
2024-02-05,Thursday,2057-45,2057-11,2024
2024-01-16,Friday,2057-46,2057-11,2024
2024-01-29,Friday,2057-47,2057-11,2024
2024-02-01,Thursday,2057-48,2057-11,2024
2024-02-10,Wednesday,2057-49,2057-12,2024
2024-02-03,Monday,2057-50,2057-12,2024
2024-01-21,Monday,2057-51,2057-12,2024
2024-01-12,Wednesday,2057-52,2057-12,2024
2024-02-02,Friday,2057-53,2057-12,2024
2024-01-21,Thursday,2058-01,2058-01,2024
2024-02-09,Monday,2058-02,2058-01,2024
2024-01-09,Friday,2058-03,2058-01,2024
2024-01-09,Friday,2058-04,2058-01,2024
2024-01-27,Thursday,2058-05,2058-02,2024
2024-02-07,Monday,2058-06,2058-02,2024
2024-02-03,Friday,2058-07,2058-02,2024
2024-02-07,Friday,2058-08,2058-02,2024
2024-02-06,Tuesday,2058-09,2058-03,2024
2024-01-08,Friday,2058-10,2058-03,2024
2024-01-28,Tuesday,2058-11,2058-03,2024
2024-02-07,Tuesday,2058-12,2058-03,2024
2024-01-29,Tuesday,2058-13,2058-04,2024
2024-01-29,Thursday,2058-14,2058-04,2024
2024-02-06,Friday,2058-15,2058-04,2024
2024-01-08,Tuesday,2058-16,2058-04,2024
2024-01-19,Tuesday,2058-17,2058-04,2024
2024-02-01,Monday,2058-18,2058-05,2024
2024-01-14,Friday,2058-19,2058-05,2024
2024-01-27,Wednesday,2058-20,2058-05,2024
2024-01-11,Thursday,2058-21,2058-05,2024
2024-01-21,Thursday,2058-22,2058-06,2024
2024-01-18,Friday,2058-23,2058-06,2024
2024-01-17,Wednesday,2058-24,2058-06,2024
2024-01-13,Friday,2058-25,2058-06,2024
2024-01-24,Wednesday,2058-26,2058-07,2024
2024-01-16,Tuesday,2058-27,2058-07,2024
2024-01-09,Tuesday,2058-28,2058-07,2024
2024-01-14,Wednesday,2058-29,2058-07,2024
2024-01-10,Monday,2058-30,2058-07,2024
2024-01-23,Thursday,2058-31,2058-08,2024
2024-01-29,Tuesday,2058-32,2058-08,2024
2024-01-08,Friday,2058-33,2058-08,2024
2024-02-06,Friday,2058-34,2058-08,2024
2024-01-11,Wednesday,2058-35,2058-09,2024
2024-01-19,Monday,2058-36,2058-09,2024
2024-01-27,Wednesday,2058-37,2058-09,2024
2024-01-24,Friday,2058-38,2058-09,2024
2024-02-03,Wednesday,2058-39,2058-09,2024
2024-02-05,Thursday,2058-40,2058-10,2024
2024-02-09,Tuesday,2058-41,2058-10,2024
2024-01-18,Tuesday,2058-42,2058-10,2024
2024-02-09,Tuesday,2058-43,2058-10,2024
2024-01-16,Friday,2058-44,2058-11,2024
2024-01-31,Tuesday,2058-45,2058-11,2024
2024-01-24,Monday,2058-46,2058-11,2024
2024-02-02,Wednesday,2058-47,2058-11,2024
2024-01-26,Friday,2058-48,2058-12,2024
2024-01-23,Tuesday,2058-49,2058-12,2024
2024-02-03,Friday,2058-50,2058-12,2024
2024-02-04,Monday,2058-51,2058-12,2024
2024-01-12,Tuesday,2058-52,2058-12,2024
2024-01-20,Wednesday,2059-01,2059-01,2024
2024-01-31,Monday,2059-02,2059-01,2024
2024-01-19,Friday,2059-03,2059-01,2024
2024-01-23,Monday,2059-04,2059-01,2024
2024-01-10,Thursday,2059-05,2059-02,2024
2024-01-31,Tuesday,2059-06,2059-02,2024
2024-02-09,Friday,2059-07,2059-02,2024
2024-01-28,Thursday,2059-08,2059-02,2024
2024-01-27,Friday,2059-09,2059-03,2024
2024-01-20,Tuesday,2059-10,2059-03,2024
2024-02-04,Thursday,2059-11,2059-03,2024
2024-01-22,Thursday,2059-12,2059-03,2024
2024-02-10,Thursday,2059-13,2059-03,2024
2024-01-30,Monday,2059-14,2059-04,2024
2024-02-05,Friday,2059-15,2059-04,2024
2024-02-09,Monday,2059-16,2059-04,2024
2024-01-23,Friday,2059-17,2059-04,2024
2024-02-08,Tuesday,2059-18,2059-05,2024
2024-01-10,Tuesday,2059-19,2059-05,2024
2024-02-10,Tuesday,2059-20,2059-05,2024
2024-02-02,Wednesday,2059-21,2059-05,2024
2024-01-30,Thursday,2059-22,2059-06,2024
2024-01-28,Monday,2059-23,2059-06,2024
2024-01-23,Friday,2059-24,2059-06,2024
2024-01-22,Tuesday,2059-25,2059-06,2024
2024-01-22,Friday,2059-26,2059-06,2024
2024-01-24,Friday,2059-27,2059-07,2024
2024-01-13,Monday,2059-28,2059-07,2024
2024-02-10,Wednesday,2059-29,2059-07,2024
2024-01-31,Wednesday,2059-30,2059-07,2024
2024-02-07,Wednesday,2059-31,2059-08,2024
2024-01-20,Monday,2059-32,2059-08,2024
2024-01-25,Wednesday,2059-33,2059-08,2024
2024-01-31,Friday,2059-34,2059-08,2024
2024-01-15,Monday,2059-35,2059-09,2024
2024-01-18,Monday,2059-36,2059-09,2024
2024-02-06,Monday,2059-37,2059-09,2024
2024-01-13,Friday,2059-38,2059-09,2024
2024-01-10,Monday,2059-39,2059-09,2024
2024-01-13,Monday,2059-40,2059-10,2024
2024-01-25,Friday,2059-41,2059-10,2024
2024-02-08,Friday,2059-42,2059-10,2024
2024-01-16,Tuesday,2059-43,2059-10,2024
2024-01-10,Tuesday,2059-44,2059-11,2024
2024-01-30,Monday,2059-45,2059-11,2024
2024-01-20,Thursday,2059-46,2059-11,2024
2024-01-11,Friday,2059-47,2059-11,2024
2024-01-23,Friday,2059-48,2059-12,2024
2024-02-04,Wednesday,2059-49,2059-12,2024
2024-01-31,Thursday,2059-50,2059-12,2024
2024-01-31,Wednesday,2059-51,2059-12,2024
2024-02-08,Thursday,2059-52,2059-12,2024
2024-01-26,Wednesday,2060-01,2060-01,2024
2024-02-02,Monday,2060-02,2060-01,2024
2024-01-27,Monday,2060-03,2060-01,2024
2024-02-09,Friday,2060-04,2060-01,2024
2024-01-21,Wednesday,2060-05,2060-02,2024
2024-01-30,Wednesday,2060-06,2060-02,2024
2024-01-10,Tuesday,2060-07,2060-02,2024
2024-02-08,Monday,2060-08,2060-02,2024
2024-01-09,Friday,2060-09,2060-03,2024
2024-02-06,Tuesday,2060-10,2060-03,2024
2024-01-23,Thursday,2060-11,2060-03,2024
2024-02-03,Tuesday,2060-12,2060-03,2024
2024-01-30,Tuesday,2060-13,2060-03,2024
2024-01-16,Friday,2060-14,2060-04,2024
2024-02-07,Friday,2060-15,2060-04,2024
2024-02-02,Wednesday,2060-16,2060-04,2024
2024-01-13,Wednesday,2060-17,2060-04,2024
2024-02-02,Thursday,2060-18,2060-05,2024
2024-01-25,Thursday,2060-19,2060-05,2024
2024-02-02,Wednesday,2060-20,2060-05,2024
2024-01-15,Wednesday,2060-21,2060-05,2024
2024-01-22,Friday,2060-22,2060-05,2024
2024-01-11,Wednesday,2060-23,2060-06,2024
2024-01-12,Tuesday,2060-24,2060-06,2024
2024-01-22,Monday,2060-25,2060-06,2024
2024-01-21,Monday,2060-26,2060-06,2024
2024-02-10,Monday,2060-27,2060-07,2024
2024-01-08,Wednesday,2060-28,2060-07,2024
2024-01-10,Thursday,2060-29,2060-07,2024
2024-02-04,Monday,2060-30,2060-07,2024
2024-01-31,Tuesday,2060-31,2060-08,2024
2024-01-30,Thursday,2060-32,2060-08,2024
2024-01-10,Monday,2060-33,2060-08,2024
2024-01-09,Tuesday,2060-34,2060-08,2024
2024-01-31,Monday,2060-35,2060-08,2024
2024-01-08,Friday,2060-36,2060-09,2024
2024-01-22,Thursday,2060-37,2060-09,2024
2024-01-30,Friday,2060-38,2060-09,2024
2024-01-25,Thursday,2060-39,2060-09,2024
2024-01-11,Tuesday,2060-40,2060-10,2024
2024-01-18,Friday,2060-41,2060-10,2024
2024-02-03,Thursday,2060-42,2060-10,2024
2024-02-06,Thursday,2060-43,2060-10,2024
2024-01-08,Monday,2060-44,2060-11,2024
2024-01-31,Thursday,2060-45,2060-11,2024
2024-01-19,Thursday,2060-46,2060-11,2024
2024-01-31,Monday,2060-47,2060-11,2024
2024-01-24,Tuesday,2060-48,2060-11,2024
2024-01-17,Monday,2060-49,2060-12,2024
2024-01-16,Friday,2060-50,2060-12,2024
2024-02-08,Wednesday,2060-51,2060-12,2024
2024-02-04,Friday,2060-52,2060-12,2024
2024-02-04,Thursday,2061-01,2061-01,2024
2024-01-13,Wednesday,2061-02,2061-01,2024
2024-02-02,Wednesday,2061-03,2061-01,2024
2024-02-03,Wednesday,2061-04,2061-01,2024
2024-01-25,Tuesday,2061-05,2061-01,2024
2024-02-08,Thursday,2061-06,2061-02,2024
2024-02-03,Friday,2061-07,2061-02,2024
2024-02-10,Tuesday,2061-08,2061-02,2024
2024-02-08,Friday,2061-09,2061-02,2024
2024-01-18,Thursday,2061-10,2061-03,2024
2024-01-14,Tuesday,2061-11,2061-03,2024
2024-01-29,Friday,2061-12,2061-03,2024
2024-01-08,Thursday,2061-13,2061-03,2024
2024-01-09,Wednesday,2061-14,2061-04,2024
2024-01-11,Tuesday,2061-15,2061-04,2024
2024-02-06,Tuesday,2061-16,2061-04,2024
2024-01-24,Friday,2061-17,2061-04,2024
2024-02-10,Tuesday,2061-18,2061-05,2024
2024-01-17,Tuesday,2061-19,2061-05,2024
2024-02-04,Friday,2061-20,2061-05,2024
2024-01-21,Monday,2061-21,2061-05,2024
2024-01-29,Monday,2061-22,2061-05,2024
2024-01-29,Monday,2061-23,2061-06,2024
2024-01-17,Friday,2061-24,2061-06,2024
2024-01-16,Thursday,2061-25,2061-06,2024
2024-02-09,Tuesday,2061-26,2061-06,2024
2024-02-05,Friday,2061-27,2061-07,2024
2024-01-11,Wednesday,2061-28,2061-07,2024
2024-02-01,Thursday,2061-29,2061-07,2024
2024-01-26,Monday,2061-30,2061-07,2024
2024-02-04,Tuesday,2061-31,2061-08,2024
2024-01-25,Thursday,2061-32,2061-08,2024
2024-01-29,Thursday,2061-33,2061-08,2024
2024-02-10,Monday,2061-34,2061-08,2024
2024-01-11,Tuesday,2061-35,2061-08,2024
2024-02-08,Friday,2061-36,2061-09,2024
2024-01-18,Wednesday,2061-37,2061-09,2024
2024-01-24,Friday,2061-38,2061-09,2024
2024-01-15,Friday,2061-39,2061-09,2024
2024-02-09,Friday,2061-40,2061-10,2024
2024-01-09,Tuesday,2061-41,2061-10,2024
2024-01-11,Wednesday,2061-42,2061-10,2024
2024-01-10,Friday,2061-43,2061-10,2024
2024-02-02,Friday,2061-44,2061-10,2024
2024-01-25,Tuesday,2061-45,2061-11,2024
2024-02-03,Wednesday,2061-46,2061-11,2024
2024-02-07,Tuesday,2061-47,2061-11,2024
2024-02-01,Thursday,2061-48,2061-11,2024
2024-01-10,Monday,2061-49,2061-12,2024
2024-02-05,Monday,2061-50,2061-12,2024
2024-01-11,Friday,2061-51,2061-12,2024
2024-02-02,Thursday,2061-52,2061-12,2024
2024-01-31,Monday,2062-01,2062-01,2024
2024-01-20,Tuesday,2062-02,2062-01,2024
2024-01-25,Tuesday,2062-03,2062-01,2024
2024-01-27,Wednesday,2062-04,2062-01,2024
2024-02-06,Monday,2062-05,2062-01,2024
2024-01-23,Monday,2062-06,2062-02,2024
2024-01-18,Thursday,2062-07,2062-02,2024
2024-02-05,Thursday,2062-08,2062-02,2024
2024-01-31,Tuesday,2062-09,2062-02,2024
2024-01-18,Thursday,2062-10,2062-03,2024
2024-01-27,Wednesday,2062-11,2062-03,2024
2024-01-08,Wednesday,2062-12,2062-03,2024
2024-01-08,Thursday,2062-13,2062-03,2024
2024-01-17,Tuesday,2062-14,2062-04,2024
2024-02-09,Wednesday,2062-15,2062-04,2024
2024-01-28,Tuesday,2062-16,2062-04,2024
2024-01-14,Tuesday,2062-17,2062-04,2024
